     1                                  ; Itsy Forth
     2                                  ;    Written by John Metcalf
     3                                  ;    Commentary by John Metcalf and Mike Adams
     4                                  ;
     5                                  ; Itsy Forth was written for use with NASM, the "Netwide Assembler"
     6                                  ; that's available for free download (http://www.nasm.us/).
     7                                  ; The command line for assembling Itsy is:
     8                                  ;
     9                                  ;      nasm itsy.asm -fbin -o itsy.com
    10                                  ;
    11                                  ; If you wish to have an assembly listing, give it this command:
    12                                  ;
    13                                  ;      nasm itsy.asm -fbin -l itsy.lst -o itsy.com
    14                                  ;
    15                                  ;--------------------------------------------------------------------------
    16                                  ; Implementation notes:
    17                                  ;
    18                                  ; Register Usage:
    19                                  ;    sp - data stack pointer.
    20                                  ;    bp - return stack pointer.
    21                                  ;    si - Forth instruction pointer.
    22                                  ;    di - pointer to current XT (CFA of word currently being executed).
    23                                  ;    bx - TOS (top of data stack). The top value on the data stack is not
    24                                  ;         actually kept on the CPU's data stack. It's kept in the BX register.
    25                                  ;         Having it in a register like this speeds up the operation of
    26                                  ;         the primitive words. They don't have to take the time to pull a
    27                                  ;         value off of the stack; it's already in a register where it can
    28                                  ;         be used right away!
    29                                  ;    ax, cd, dx - Can all be freely used for processing data. The other
    30                                  ;         registers can still be used also, but only with caution. Their
    31                                  ;         contents must be pushed to the stack and then restored before
    32                                  ;         exiting from the word or calling any other Forth words. LOTS of
    33                                  ;         potential for program crashes if you don't do this correctly.
    34                                  ;         The notable exception is the DI register, which can (and is, below)
    35                                  ;         used pretty freely in assembly code, since the concept of a pointer
    36                                  ;         to the current CFA is rather irrelevant in assembly.
    37                                  ;
    38                                  ;
    39                                  ; Structure of an Itsy word definition:
    40                                  ;     # of
    41                                  ;    Bytes:   Description:
    42                                  ;    ------   ---------------------------------------------------------
    43                                  ;      2      Link Field. Contains the address of the link field of the
    44                                  ;                definition preceding this one in the dictionary. The link
    45                                  ;                field of the first def in the dictionary contains 0.
    46                                  ;    Varies   Name Field. The first byte of the name field contains the length
    47                                  ;                of the name; succeeding bytes contain the ASCII characters of
    48                                  ;                the name itself. If the high bit of the length is set, the
    49                                  ;                definition is tagged as being an "immediate" word.
    50                                  ;      2      Code Field. Contains the address of the executable code for
    51                                  ;                the word. For primitives, this will likely be the address
    52                                  ;                of the word's own data field. Note that the header creation
    53                                  ;                macros automatically generate labels for the code field
    54                                  ;                addresses of the words they're used to define, though the
    55                                  ;                CFA labels aren't visible in the code shown below. The
    56                                  ;                assembler macros create labels, known as "execution tags"
    57                                  ;                or XTs, for the code field of each word.
    58                                  ;    Varies   Data Field. Contains either a list of the code field addresses
    59                                  ;                of the words that make up this definition, or assembly-
    60                                  ;                language code for primitives, or numeric data for variables
    61                                  ;                 and constants and such.
    62                                  
    63                                  
    64                                  ;-----------------------------------------------------------------------------
    65                                  ;
    66                                  ; Beginning of actual code.
    67                                  ;
    68                                  ; Include the definitions of the macros that are used in NASM to create
    69                                  ; the headers of the words. See macros.asm for more details.
    70                                  ;-----------------------------------------------------------------------------
    71                                  %include "macros.asm"
     1                              <1> ; Itsy Forth - Macros
     2                              <1> ;   Written by John Metcalf
     3                              <1> ;   Commentary by Mike Adams
     4                              <1> ;
     5                              <1> ; Itsy Forth was written for use with NASM, the "Netwide Assembler"
     6                              <1> ; (http://www.nasm.us/). It uses a number of macros to deal with the tedium
     7                              <1> ; of generating the headers for the words that are defined in Itsy's source
     8                              <1> ; code file. The macros, and the explanations of what they're doing, are
     9                              <1> ; listed below:
    10                              <1> 
    11                              <1> ;--------------------------------------------------------------------------
    12                              <1> ; First, two variables are defined for use by the macros:
    13                              <1>         ; link is the initial value for the first link field that'll
    14                              <1>         ; be defined. It's value will be updated with each header
    15                              <1>         ; that's created.
    16                              <1>         %define link 0
    17                              <1> 
    18                              <1>         ; A bitmask that'll be called "immediate" will be used to
    19                              <1>         ; encode the flag into the length bytes of word names in order
    20                              <1>         ; to indicate that the word will be of the immediate type.
    21                              <1>         %define immediate 080h
    22                              <1> 
    23                              <1> ;--------------------------------------------------------------------------
    24                              <1> ; The first macro defined is the primary one used by the others, "head".
    25                              <1> ; It does the lion's share of the work for the other macros that'll be
    26                              <1> ; defined afterwards. Its commands perform the following operations:
    27                              <1> 
    28                              <1>         ; The first line of the macro declares it's name as "head".
    29                              <1>         ; The 4 in this line signifies that it expects to receive
    30                              <1>         ; 4 parameters when it's invoked: the string that will be the
    31                              <1>         ; word's name and will be encoded into the header along with
    32                              <1>         ; the string's name; an "execution tag" name that will have the
    33                              <1>         ; prefix "xt_" attached to it and will be used as a label for
    34                              <1>         ; the word's code field; a flag that will be 080h if the word
    35                              <1>         ; will be immediate and a 0 otherwise; and the label for the
    36                              <1>         ; word's runtime code, whose address will be put into the
    37                              <1>         ; word's code field.
    38                              <1>         %macro head 4
    39                              <1> 
    40                              <1>         ; Okay, what we're doing in this odd-looking bit of code is
    41                              <1>         ; declaring a variable called "%%link" that's local only to this
    42                              <1>         ; macro and is independent of the earlier variable we declared
    43                              <1>         ; as "link". It's a label that will represent the current
    44                              <1>         ; location in the object code we're creating. Then we lay down
    45                              <1>         ; some actual object code, using the "dw" command to write the
    46                              <1>         ; current value of "link" into the executable file.
    47                              <1>         %%link dw link
    48                              <1> 
    49                              <1>         ; Here's one of the tricky parts. We now redefine the value of
    50                              <1>         ; "link" to be whatever the current value of "%%link" is, which
    51                              <1>         ; is basically the address of the link field that was created
    52                              <1>         ; during this particular use of this macro. That way, the next
    53                              <1>         ; time head is called, the value that will be written into the
    54                              <1>         ; code in the "dw" command above will be whatever the value of
    55                              <1>         ; "%%link" was during THIS use of the macro. This way, each time
    56                              <1>         ; head is called, the value that'll be written into the new
    57                              <1>         ; link field will be the address that was used for the link
    58                              <1>         ; field the previous time head was called, which is just how
    59                              <1>         ; we want the link fields to be in a Forth dictionary. Note that
    60                              <1>         ; the first time that head is called, the value of link was
    61                              <1>         ; predefined as 0, so that the link field of the first word in
    62                              <1>         ; the dictionary will contain the value of 0 to mark it as
    63                              <1>         ; being the first word in the dictionary.
    64                              <1>         %define link %%link
    65                              <1> 
    66                              <1>         ; Now the name field. The first argument passed to head is the
    67                              <1>         ; string defining the new word's name. The next line in the macro
    68                              <1>         ; measures the length of the string (the "%1" tells it that it's
    69                              <1>         ; supposed to look at argument #1) and assigns it to a macro-local
    70                              <1>         ; variable called "%%count".
    71                              <1>         %strlen %%count %1
    72                              <1> 
    73                              <1>         ; In this next line, we're writing data into the object code on
    74                              <1>         ; a byte-by-byte basis. We first write a byte consisting of the
    75                              <1>         ; value of argument 3 (which is 080h if we're writing the header
    76                              <1>         ; for an immediate word or a 0 otherwise) added to the length of
    77                              <1>         ; the name string to produce the length byte in the header. Then
    78                              <1>         ; we write the name string itself into the file.
    79                              <1>         db %3 + %%count,%1
    80                              <1> 
    81                              <1>         ; Okay, don't get confused by the "+" in this next line. Take
    82                              <1>         ; careful note of the spaces; the actual command is "%+", which
    83                              <1>         ; is string concatenation, not numeric addition. We're going to
    84                              <1>         ; splice a string together. The first part consists of the "xt_",
    85                              <1>         ; then we splice the macro's 2nd argument onto it. The resulting
    86                              <1>         ; string is used as the head's "execution tag", the address of
    87                              <1>         ; it's code field. This label is then used for the "dw" command
    88                              <1>         ; that writes the value of argument #4 (the address of the word's
    89                              <1>         ; runtime code) into the header's code field.
    90                              <1>         xt_ %+ %2 dw %4
    91                              <1> 
    92                              <1>         ; As you might guess, the next line marks the end of the
    93                              <1>         ; macro's definition. The entire header's been defined at this
    94                              <1>         ; point, and we're now ready for the data field, whether it's
    95                              <1>         ; composed of assembly code, a list of Forth words, or the
    96                              <1>         ; numeric data for a variable or constant.
    97                              <1>         %endmacro
    98                              <1> 
    99                              <1> ; For example, calling head with the following line:
   100                              <1> ;
   101                              <1> ;      head,'does>',does,080h,docolon
   102                              <1> ;
   103                              <1> ; will produce the following header code...
   104                              <1> ;
   105                              <1> ;               dw (address of link of previous header)
   106                              <1> ;               db 085h,'does>'
   107                              <1> ;      xt_does  dw docolon
   108                              <1> ;
   109                              <1> ; ...and records the address of this header's link field so that it can
   110                              <1> ; be written into the link field of the next word, just as the address
   111                              <1> ; of the previous link field was written into this header.
   112                              <1> ; This method saves the programmer a lot of tedium in manually generating
   113                              <1> ; the code for word headers when writing a Forth system's kernel in
   114                              <1> ; assembly language. Note that argument #2 is surrounded by single quotes.
   115                              <1> ; That's the format that the assembler expects to see when being told to
   116                              <1> ; lay down a string of characters byte-by-byte in a db command, so they
   117                              <1> ; have to be present when they're given as an arg to this macro so that
   118                              <1> ; the macro puts them in their proper place.
   119                              <1> 
   120                              <1> ;--------------------------------------------------------------------------
   121                              <1> ; The next macro is called "primitive", and is used for setting up a header
   122                              <1> ; for a word written in assembly language.
   123                              <1> ;
   124                              <1>         ; Here we declare the definition of the macro called "primitive".
   125                              <1>         ; Note, though, the odd manner in which the number of required
   126                              <1>         ; arguments is stated. Yes, that really does mean that it can
   127                              <1>         ; take from 2 to 3 arguments. Well, what does it do if the user
   128                              <1>         ; only gives it 2? That's what that 0 is: the default value that's
   129                              <1>         ; to be used for argument #3 if the user doesn't specify it. Most
   130                              <1>         ; of the time he won't; the only time arg #3 will be specifically
   131                              <1>         ; given will be if the user is defining an immediate word.
   132                              <1>         %macro primitive 2-3 0
   133                              <1> 
   134                              <1>         ; All primitive does is to pass its arguments on to head, which
   135                              <1>         ; does most of the actual work. It passes on the word name and
   136                              <1>         ; the execution tag name as-is. Parameter #3 will be given the
   137                              <1>         ; default value of 0 unless the user specifically states it.
   138                              <1>         ; This is meant to allow the user to add "immediate" to the
   139                              <1>         ; macro invocation to create an immediate word. The 4th arg,
   140                              <1>         ; "$+2", means that when head goes to write the address of the
   141                              <1>         ; run-time code into the code field, the address it's going to
   142                              <1>         ; use will be 2 bytes further along than the code field address,
   143                              <1>         ; i.e. the address of the start of the code immediately after
   144                              <1>         ; the code field. (The "$" symbol is used by most assemblers
   145                              <1>         ; to represent the address of the code that's currently being
   146                              <1>         ; assembled.)
   147                              <1>         head %1,%2,%3,$+2
   148                              <1> 
   149                              <1>         ; End of the macro definition.
   150                              <1>         %endmacro
   151                              <1> 
   152                              <1> ;--------------------------------------------------------------------------
   153                              <1> ; The macro "colon" operates very similarly to "primitive", except that
   154                              <1> ; it's used for colon definitions:
   155                              <1> ;
   156                              <1>         ; Declare the macro, with 2 to 3 arguments, using 0 for the default
   157                              <1>         ; value of arg #3 if one isn't specifically given.
   158                              <1>         %macro colon 2-3 0
   159                              <1> 
   160                              <1>         ; Pass the args on to head, using docolon as the runtime code.
   161                              <1>         head %1,%2,%3,docolon
   162                              <1> 
   163                              <1>         ; End of macro definition.
   164                              <1>         %endmacro
   165                              <1> 
   166                              <1> ;--------------------------------------------------------------------------
   167                              <1> ; The rest of the macros all require a specific number of arguments, since
   168                              <1> ; none of them have the option of being immediate. This one defines
   169                              <1> ; a constant:
   170                              <1> 
   171                              <1>         ; Macro name is, unsurprisingly, "constant", and gets 3 arguments.
   172                              <1>         ; As with head and primitive, the first 2 are the word's name and
   173                              <1>         ; the label name that'll be used for the word. The third argument
   174                              <1>         ; is the value that we want the constant to hold.
   175                              <1>         %macro constant 3
   176                              <1> 
   177                              <1>         ; Use the head macro. Args 1 and 2, the names, get passed on as-is.
   178                              <1>         ; Constants are never defined as immediate (though it's an intriguing
   179                              <1>         ; idea; a constant whose value is one thing when compiling and
   180                              <1>         ; another when interpreting might be useful for something), so arg #3
   181                              <1>         ; passed on to head is always a 0, and arg #4 will always be doconst,
   182                              <1>         ; the address of the runtime code for constants.
   183                              <1>         head %1,%2,0,doconst
   184                              <1> 
   185                              <1>         ; Similar to the way that the label is created for the execution
   186                              <1>         ; tags, here we create a label for the data field of the constant,
   187                              <1>         ; though this time we're prefixing the name with "val_" instead
   188                              <1>         ; of the "xt_" used for the execution tags. Then we use a dw to
   189                              <1>         ; write constant's arg #3, the constant's value, into the code.
   190                              <1>         val_ %+ %2 dw %3
   191                              <1> 
   192                              <1>         ; End of the definition.
   193                              <1>         %endmacro
   194                              <1> 
   195                              <1> ;--------------------------------------------------------------------------
   196                              <1> ; The macro for variables is very similar to the one for constants.
   197                              <1> 
   198                              <1>         ; Macro name "variable", 3 arguments, with arg #3 being the
   199                              <1>         ; initial value that will be given to the variable.
   200                              <1>         %macro variable 3
   201                              <1> 
   202                              <1>         ; Just like in "constant", except that the runtime code is dovar.
   203                              <1>         head %1,%2,0,dovar
   204                              <1> 
   205                              <1>         ; Exact same line as used in "constant", with the same effects.
   206                              <1>         val_ %+ %2 dw %3
   207                              <1> 
   208                              <1>         ; End of the definition.
   209                              <1>         %endmacro
   210                              <1> 
   211                              <1> ;--------------------------------------------------------------------------
   212                              <1> ;
   213                              <1> ; That's the last of the macros. They're accessed through the
   214                              <1> ; "%include macros.asm" command near the beginning of Itsy's
   215                              <1> ; source code file. Or, if you prefer, you can remove the
   216                              <1> ; %include command and splice the above code directly
   217                              <1> ; into itsy.asm in its place.
   218                              <1> ;
   219                              <1> ;--------------------------------------------------------------------------
    72                                  
    73                                  ;-----------------------------------------------------------------------------
    74                                  ; Define the location for the stack. -256 decimal = 0ff00h
    75                                  ;-----------------------------------------------------------------------------
    76                                  stack0  equ -256
    77                                  
    78                                  ;-----------------------------------------------------------------------------
    79                                  ; Set the starting point for the executable code. 0100h is the standard
    80                                  ; origin for programs running under MS-DOS or its equivalents.
    81                                  ;-----------------------------------------------------------------------------
    82                                          org 0100h
    83                                  
    84                                  ;-----------------------------------------------------------------------------
    85                                  ; Jump to the location of the start of Itsy's initialization code.
    86                                  ;-----------------------------------------------------------------------------
    87 00000000 EB54                            jmp xt_abort+2
    88                                  
    89                                  ; -------------------
    90                                  ; System Variables
    91                                  ; -------------------
    92                                  
    93                                          ; state - ( -- addr ) true = compiling, false = interpreting
    94                                          variable 'state',state,0
   201                              <1> 
   202                              <1> 
   203                              <1>  head %1,%2,0,dovar
    39                              <2> 
    40                              <2> 
    41                              <2> 
    42                              <2> 
    43                              <2> 
    44                              <2> 
    45                              <2> 
    46                              <2> 
    47 00000002 0000                <2>  %%link dw link
    48                              <2> 
    49                              <2> 
    50                              <2> 
    51                              <2> 
    52                              <2> 
    53                              <2> 
    54                              <2> 
    55                              <2> 
    56                              <2> 
    57                              <2> 
    58                              <2> 
    59                              <2> 
    60                              <2> 
    61                              <2> 
    62                              <2> 
    63                              <2> 
    64                              <2>  %define link %%link
    65                              <2> 
    66                              <2> 
    67                              <2> 
    68                              <2> 
    69                              <2> 
    70                              <2> 
    71                              <2>  %strlen %%count %1
    72                              <2> 
    73                              <2> 
    74                              <2> 
    75                              <2> 
    76                              <2> 
    77                              <2> 
    78                              <2> 
    79 00000004 057374617465        <2>  db %3 + %%count,%1
    80                              <2> 
    81                              <2> 
    82                              <2> 
    83                              <2> 
    84                              <2> 
    85                              <2> 
    86                              <2> 
    87                              <2> 
    88                              <2> 
    89                              <2> 
    90 0000000A [FC02]              <2>  xt_ %+ %2 dw %4
    91                              <2> 
    92                              <2> 
    93                              <2> 
    94                              <2> 
    95                              <2> 
    96                              <2> 
   204                              <1> 
   205                              <1> 
   206 0000000C 0000                <1>  val_ %+ %2 dw %3
   207                              <1> 
   208                              <1> 
    95                                  
    96                                          ; >in - ( -- addr ) next character in input buffer
    97                                          variable '>in',to_in,0
   201                              <1> 
   202                              <1> 
   203                              <1>  head %1,%2,0,dovar
    39                              <2> 
    40                              <2> 
    41                              <2> 
    42                              <2> 
    43                              <2> 
    44                              <2> 
    45                              <2> 
    46                              <2> 
    47 0000000E [0200]              <2>  %%link dw link
    48                              <2> 
    49                              <2> 
    50                              <2> 
    51                              <2> 
    52                              <2> 
    53                              <2> 
    54                              <2> 
    55                              <2> 
    56                              <2> 
    57                              <2> 
    58                              <2> 
    59                              <2> 
    60                              <2> 
    61                              <2> 
    62                              <2> 
    63                              <2> 
    64                              <2>  %define link %%link
    65                              <2> 
    66                              <2> 
    67                              <2> 
    68                              <2> 
    69                              <2> 
    70                              <2> 
    71                              <2>  %strlen %%count %1
    72                              <2> 
    73                              <2> 
    74                              <2> 
    75                              <2> 
    76                              <2> 
    77                              <2> 
    78                              <2> 
    79 00000010 033E696E            <2>  db %3 + %%count,%1
    80                              <2> 
    81                              <2> 
    82                              <2> 
    83                              <2> 
    84                              <2> 
    85                              <2> 
    86                              <2> 
    87                              <2> 
    88                              <2> 
    89                              <2> 
    90 00000014 [FC02]              <2>  xt_ %+ %2 dw %4
    91                              <2> 
    92                              <2> 
    93                              <2> 
    94                              <2> 
    95                              <2> 
    96                              <2> 
   204                              <1> 
   205                              <1> 
   206 00000016 0000                <1>  val_ %+ %2 dw %3
   207                              <1> 
   208                              <1> 
    98                                  
    99                                          ; #tib - ( -- addr ) number of characters in the input buffer
   100                                          variable '#tib',number_t_i_b,0
   201                              <1> 
   202                              <1> 
   203                              <1>  head %1,%2,0,dovar
    39                              <2> 
    40                              <2> 
    41                              <2> 
    42                              <2> 
    43                              <2> 
    44                              <2> 
    45                              <2> 
    46                              <2> 
    47 00000018 [0E00]              <2>  %%link dw link
    48                              <2> 
    49                              <2> 
    50                              <2> 
    51                              <2> 
    52                              <2> 
    53                              <2> 
    54                              <2> 
    55                              <2> 
    56                              <2> 
    57                              <2> 
    58                              <2> 
    59                              <2> 
    60                              <2> 
    61                              <2> 
    62                              <2> 
    63                              <2> 
    64                              <2>  %define link %%link
    65                              <2> 
    66                              <2> 
    67                              <2> 
    68                              <2> 
    69                              <2> 
    70                              <2> 
    71                              <2>  %strlen %%count %1
    72                              <2> 
    73                              <2> 
    74                              <2> 
    75                              <2> 
    76                              <2> 
    77                              <2> 
    78                              <2> 
    79 0000001A 0423746962          <2>  db %3 + %%count,%1
    80                              <2> 
    81                              <2> 
    82                              <2> 
    83                              <2> 
    84                              <2> 
    85                              <2> 
    86                              <2> 
    87                              <2> 
    88                              <2> 
    89                              <2> 
    90 0000001F [FC02]              <2>  xt_ %+ %2 dw %4
    91                              <2> 
    92                              <2> 
    93                              <2> 
    94                              <2> 
    95                              <2> 
    96                              <2> 
   204                              <1> 
   205                              <1> 
   206 00000021 0000                <1>  val_ %+ %2 dw %3
   207                              <1> 
   208                              <1> 
   101                                  
   102                                          ; dp - ( -- addr ) first free cell in the dictionary
   103                                          variable 'dp',dp,freemem
   201                              <1> 
   202                              <1> 
   203                              <1>  head %1,%2,0,dovar
    39                              <2> 
    40                              <2> 
    41                              <2> 
    42                              <2> 
    43                              <2> 
    44                              <2> 
    45                              <2> 
    46                              <2> 
    47 00000023 [1800]              <2>  %%link dw link
    48                              <2> 
    49                              <2> 
    50                              <2> 
    51                              <2> 
    52                              <2> 
    53                              <2> 
    54                              <2> 
    55                              <2> 
    56                              <2> 
    57                              <2> 
    58                              <2> 
    59                              <2> 
    60                              <2> 
    61                              <2> 
    62                              <2> 
    63                              <2> 
    64                              <2>  %define link %%link
    65                              <2> 
    66                              <2> 
    67                              <2> 
    68                              <2> 
    69                              <2> 
    70                              <2> 
    71                              <2>  %strlen %%count %1
    72                              <2> 
    73                              <2> 
    74                              <2> 
    75                              <2> 
    76                              <2> 
    77                              <2> 
    78                              <2> 
    79 00000025 026470              <2>  db %3 + %%count,%1
    80                              <2> 
    81                              <2> 
    82                              <2> 
    83                              <2> 
    84                              <2> 
    85                              <2> 
    86                              <2> 
    87                              <2> 
    88                              <2> 
    89                              <2> 
    90 00000028 [FC02]              <2>  xt_ %+ %2 dw %4
    91                              <2> 
    92                              <2> 
    93                              <2> 
    94                              <2> 
    95                              <2> 
    96                              <2> 
   204                              <1> 
   205                              <1> 
   206 0000002A [D203]              <1>  val_ %+ %2 dw %3
   207                              <1> 
   208                              <1> 
   104                                  
   105                                          ; base - ( -- addr ) number base
   106                                          variable 'base',base,10
   201                              <1> 
   202                              <1> 
   203                              <1>  head %1,%2,0,dovar
    39                              <2> 
    40                              <2> 
    41                              <2> 
    42                              <2> 
    43                              <2> 
    44                              <2> 
    45                              <2> 
    46                              <2> 
    47 0000002C [2300]              <2>  %%link dw link
    48                              <2> 
    49                              <2> 
    50                              <2> 
    51                              <2> 
    52                              <2> 
    53                              <2> 
    54                              <2> 
    55                              <2> 
    56                              <2> 
    57                              <2> 
    58                              <2> 
    59                              <2> 
    60                              <2> 
    61                              <2> 
    62                              <2> 
    63                              <2> 
    64                              <2>  %define link %%link
    65                              <2> 
    66                              <2> 
    67                              <2> 
    68                              <2> 
    69                              <2> 
    70                              <2> 
    71                              <2>  %strlen %%count %1
    72                              <2> 
    73                              <2> 
    74                              <2> 
    75                              <2> 
    76                              <2> 
    77                              <2> 
    78                              <2> 
    79 0000002E 0462617365          <2>  db %3 + %%count,%1
    80                              <2> 
    81                              <2> 
    82                              <2> 
    83                              <2> 
    84                              <2> 
    85                              <2> 
    86                              <2> 
    87                              <2> 
    88                              <2> 
    89                              <2> 
    90 00000033 [FC02]              <2>  xt_ %+ %2 dw %4
    91                              <2> 
    92                              <2> 
    93                              <2> 
    94                              <2> 
    95                              <2> 
    96                              <2> 
   204                              <1> 
   205                              <1> 
   206 00000035 0A00                <1>  val_ %+ %2 dw %3
   207                              <1> 
   208                              <1> 
   107                                  
   108                                          ; last - ( -- addr ) the last word to be defined
   109                                          ; NOTE: The label "final:" must be placed immediately before
   110                                          ; the last word defined in this file. If new words are added,
   111                                          ; make sure they're either added before the "final:" label
   112                                          ; or the "final:" label is moved to the position immediately
   113                                          ; before the last word added.
   114                                          variable 'last',last,final
   201                              <1> 
   202                              <1> 
   203                              <1>  head %1,%2,0,dovar
    39                              <2> 
    40                              <2> 
    41                              <2> 
    42                              <2> 
    43                              <2> 
    44                              <2> 
    45                              <2> 
    46                              <2> 
    47 00000037 [2C00]              <2>  %%link dw link
    48                              <2> 
    49                              <2> 
    50                              <2> 
    51                              <2> 
    52                              <2> 
    53                              <2> 
    54                              <2> 
    55                              <2> 
    56                              <2> 
    57                              <2> 
    58                              <2> 
    59                              <2> 
    60                              <2> 
    61                              <2> 
    62                              <2> 
    63                              <2> 
    64                              <2>  %define link %%link
    65                              <2> 
    66                              <2> 
    67                              <2> 
    68                              <2> 
    69                              <2> 
    70                              <2> 
    71                              <2>  %strlen %%count %1
    72                              <2> 
    73                              <2> 
    74                              <2> 
    75                              <2> 
    76                              <2> 
    77                              <2> 
    78                              <2> 
    79 00000039 046C617374          <2>  db %3 + %%count,%1
    80                              <2> 
    81                              <2> 
    82                              <2> 
    83                              <2> 
    84                              <2> 
    85                              <2> 
    86                              <2> 
    87                              <2> 
    88                              <2> 
    89                              <2> 
    90 0000003E [FC02]              <2>  xt_ %+ %2 dw %4
    91                              <2> 
    92                              <2> 
    93                              <2> 
    94                              <2> 
    95                              <2> 
    96                              <2> 
   204                              <1> 
   205                              <1> 
   206 00000040 [4003]              <1>  val_ %+ %2 dw %3
   207                              <1> 
   208                              <1> 
   115                                  
   116                                          ; tib - ( -- addr ) address of the input buffer
   117                                          constant 'tib',t_i_b,32768
   176                              <1> 
   177                              <1> 
   178                              <1> 
   179                              <1> 
   180                              <1> 
   181                              <1> 
   182                              <1> 
   183                              <1>  head %1,%2,0,doconst
    39                              <2> 
    40                              <2> 
    41                              <2> 
    42                              <2> 
    43                              <2> 
    44                              <2> 
    45                              <2> 
    46                              <2> 
    47 00000042 [3700]              <2>  %%link dw link
    48                              <2> 
    49                              <2> 
    50                              <2> 
    51                              <2> 
    52                              <2> 
    53                              <2> 
    54                              <2> 
    55                              <2> 
    56                              <2> 
    57                              <2> 
    58                              <2> 
    59                              <2> 
    60                              <2> 
    61                              <2> 
    62                              <2> 
    63                              <2> 
    64                              <2>  %define link %%link
    65                              <2> 
    66                              <2> 
    67                              <2> 
    68                              <2> 
    69                              <2> 
    70                              <2> 
    71                              <2>  %strlen %%count %1
    72                              <2> 
    73                              <2> 
    74                              <2> 
    75                              <2> 
    76                              <2> 
    77                              <2> 
    78                              <2> 
    79 00000044 03746962            <2>  db %3 + %%count,%1
    80                              <2> 
    81                              <2> 
    82                              <2> 
    83                              <2> 
    84                              <2> 
    85                              <2> 
    86                              <2> 
    87                              <2> 
    88                              <2> 
    89                              <2> 
    90 00000048 [3903]              <2>  xt_ %+ %2 dw %4
    91                              <2> 
    92                              <2> 
    93                              <2> 
    94                              <2> 
    95                              <2> 
    96                              <2> 
   184                              <1> 
   185                              <1> 
   186                              <1> 
   187                              <1> 
   188                              <1> 
   189                              <1> 
   190 0000004A 0080                <1>  val_ %+ %2 dw %3
   191                              <1> 
   192                              <1> 
   118                                  
   119                                  ; -------------------
   120                                  ; Initialisation
   121                                  ; -------------------
   122                                  
   123                                  ; abort - ( -- ) initialise Itsy then jump to interpret
   124                                          primitive 'abort',abort
   133                              <1> 
   134                              <1> 
   135                              <1> 
   136                              <1> 
   137                              <1> 
   138                              <1> 
   139                              <1> 
   140                              <1> 
   141                              <1> 
   142                              <1> 
   143                              <1> 
   144                              <1> 
   145                              <1> 
   146                              <1> 
   147                              <1>  head %1,%2,%3,$+2
    39                              <2> 
    40                              <2> 
    41                              <2> 
    42                              <2> 
    43                              <2> 
    44                              <2> 
    45                              <2> 
    46                              <2> 
    47 0000004C [4200]              <2>  %%link dw link
    48                              <2> 
    49                              <2> 
    50                              <2> 
    51                              <2> 
    52                              <2> 
    53                              <2> 
    54                              <2> 
    55                              <2> 
    56                              <2> 
    57                              <2> 
    58                              <2> 
    59                              <2> 
    60                              <2> 
    61                              <2> 
    62                              <2> 
    63                              <2> 
    64                              <2>  %define link %%link
    65                              <2> 
    66                              <2> 
    67                              <2> 
    68                              <2> 
    69                              <2> 
    70                              <2> 
    71                              <2>  %strlen %%count %1
    72                              <2> 
    73                              <2> 
    74                              <2> 
    75                              <2> 
    76                              <2> 
    77                              <2> 
    78                              <2> 
    79 0000004E 0561626F7274        <2>  db %3 + %%count,%1
    80                              <2> 
    81                              <2> 
    82                              <2> 
    83                              <2> 
    84                              <2> 
    85                              <2> 
    86                              <2> 
    87                              <2> 
    88                              <2> 
    89                              <2> 
    90 00000054 [5600]              <2>  xt_ %+ %2 dw %4
    91                              <2> 
    92                              <2> 
    93                              <2> 
    94                              <2> 
    95                              <2> 
    96                              <2> 
   148                              <1> 
   149                              <1> 
   125 00000056 A1[2100]                        mov ax,word[val_number_t_i_b]  ; Load AX with the value contained
   126                                                                         ; in the data field of #tib (which
   127                                                                         ; was pre-defined above as 0).
   128 00000059 A3[1600]                        mov word[val_to_in],ax         ; Save the same number to >in.
   129 0000005C 31ED                            xor bp,bp                      ; Clear the bp register, which is going
   130                                                                         ; to be used as the return stack
   131                                                                         ; pointer. Since it'll first be
   132                                                                         ; decremented when a value is pushed
   133                                                                         ; onto it, this means that the first
   134                                                                         ; value pushed onto the return stack
   135                                                                         ; will be stored at 0FFFEh and 0FFFFh,
   136                                                                         ; the very end of memory space, and
   137                                                                         ; the stack will grow downward from
   138                                                                         ; there.
   139 0000005E 892E[0C00]                      mov word[val_state],bp         ; Clear the value of state.
   140 00000062 BC00FF                          mov sp,stack0                  ; Set the stack pointer to the value
   141                                                                         ; defined above.
   142 00000065 BE[4E03]                        mov si,xt_interpret+2          ; Initialize Itsy's instruction pointer
   143                                                                         ; to the outer interpreter loop.
   144 00000068 E98400                          jmp next                       ; Jump to the inner interpreter and
   145                                                                         ; actually start running Itsy.
   146                                  
   147                                  ; -------------------
   148                                  ; Compilation
   149                                  ; -------------------
   150                                  
   151                                  ; , - ( x -- ) compile x to the current definition.
   152                                  ;    Stores the number on the stack to the memory location currently
   153                                  ;    pointed to by dp.
   154                                          primitive ',',comma
   133                              <1> 
   134                              <1> 
   135                              <1> 
   136                              <1> 
   137                              <1> 
   138                              <1> 
   139                              <1> 
   140                              <1> 
   141                              <1> 
   142                              <1> 
   143                              <1> 
   144                              <1> 
   145                              <1> 
   146                              <1> 
   147                              <1>  head %1,%2,%3,$+2
    39                              <2> 
    40                              <2> 
    41                              <2> 
    42                              <2> 
    43                              <2> 
    44                              <2> 
    45                              <2> 
    46                              <2> 
    47 0000006B [4C00]              <2>  %%link dw link
    48                              <2> 
    49                              <2> 
    50                              <2> 
    51                              <2> 
    52                              <2> 
    53                              <2> 
    54                              <2> 
    55                              <2> 
    56                              <2> 
    57                              <2> 
    58                              <2> 
    59                              <2> 
    60                              <2> 
    61                              <2> 
    62                              <2> 
    63                              <2> 
    64                              <2>  %define link %%link
    65                              <2> 
    66                              <2> 
    67                              <2> 
    68                              <2> 
    69                              <2> 
    70                              <2> 
    71                              <2>  %strlen %%count %1
    72                              <2> 
    73                              <2> 
    74                              <2> 
    75                              <2> 
    76                              <2> 
    77                              <2> 
    78                              <2> 
    79 0000006D 012C                <2>  db %3 + %%count,%1
    80                              <2> 
    81                              <2> 
    82                              <2> 
    83                              <2> 
    84                              <2> 
    85                              <2> 
    86                              <2> 
    87                              <2> 
    88                              <2> 
    89                              <2> 
    90 0000006F [7100]              <2>  xt_ %+ %2 dw %4
    91                              <2> 
    92                              <2> 
    93                              <2> 
    94                              <2> 
    95                              <2> 
    96                              <2> 
   148                              <1> 
   149                              <1> 
   155 00000071 8B3E[2A00]                      mov di,word[val_dp] ; Put the value of dp into the DI register.
   156 00000075 93                              xchg ax,bx          ; Move the top of the stack into AX.
   157 00000076 AB                              stosw               ; Store the 16-bit value in AX directly
   158                                                              ; into the address pointed to by DI, and
   159                                                              ; automatically increment DI in the
   160                                                              ; process.
   161 00000077 893E[2A00]                      mov word[val_dp],di ; Store the incremented value in DI as the
   162                                                              ; new value for the dictionary pointer.
   163 0000007B 5B                              pop bx              ; Pop the new stack top into its proper place.
   164 0000007C EB71                            jmp next            ; Go do the next word.
   165                                  
   166                                  ; lit - ( -- ) push the value in the cell straight after lit.
   167                                  ;   lit is the word that is compiled into a definition when you put a
   168                                  ;   "literal" number in a Forth definition. When your word is compiled,
   169                                  ;   the CFA of lit gets stored in the definition followed immediately
   170                                  ;   by the value of the number you put into the code. At run time, lit
   171                                  ;   pushes the value of your number onto the stack.
   172                                          primitive 'lit',lit
   133                              <1> 
   134                              <1> 
   135                              <1> 
   136                              <1> 
   137                              <1> 
   138                              <1> 
   139                              <1> 
   140                              <1> 
   141                              <1> 
   142                              <1> 
   143                              <1> 
   144                              <1> 
   145                              <1> 
   146                              <1> 
   147                              <1>  head %1,%2,%3,$+2
    39                              <2> 
    40                              <2> 
    41                              <2> 
    42                              <2> 
    43                              <2> 
    44                              <2> 
    45                              <2> 
    46                              <2> 
    47 0000007E [6B00]              <2>  %%link dw link
    48                              <2> 
    49                              <2> 
    50                              <2> 
    51                              <2> 
    52                              <2> 
    53                              <2> 
    54                              <2> 
    55                              <2> 
    56                              <2> 
    57                              <2> 
    58                              <2> 
    59                              <2> 
    60                              <2> 
    61                              <2> 
    62                              <2> 
    63                              <2> 
    64                              <2>  %define link %%link
    65                              <2> 
    66                              <2> 
    67                              <2> 
    68                              <2> 
    69                              <2> 
    70                              <2> 
    71                              <2>  %strlen %%count %1
    72                              <2> 
    73                              <2> 
    74                              <2> 
    75                              <2> 
    76                              <2> 
    77                              <2> 
    78                              <2> 
    79 00000080 036C6974            <2>  db %3 + %%count,%1
    80                              <2> 
    81                              <2> 
    82                              <2> 
    83                              <2> 
    84                              <2> 
    85                              <2> 
    86                              <2> 
    87                              <2> 
    88                              <2> 
    89                              <2> 
    90 00000084 [8600]              <2>  xt_ %+ %2 dw %4
    91                              <2> 
    92                              <2> 
    93                              <2> 
    94                              <2> 
    95                              <2> 
    96                              <2> 
   148                              <1> 
   149                              <1> 
   173 00000086 53                              push bx      ; Push the value in BX to the stack, so that now it'll
   174                                                       ; be 2nd from the top on the stack. The old value is
   175                                                       ; still in BX, though. Now we need to get the new
   176                                                       ; value into BX.
   177 00000087 AD                              lodsw        ; Load into the AX register the 16-bit value pointed
   178                                                       ; to by the SI register (Itsy's instruction pointer,
   179                                                       ; which this op then automatically increments SI by 2).
   180                                                       ; The net result is that we just loaded into AX the
   181                                                       ; 16-bit data immediately following the call to lit,
   182                                                       ; which'll be the data that lit is supposed to load.
   183 00000088 93                              xchg ax,bx   ; Now swap the contents of the AX and BX registers.
   184                                                       ; lit's data is now in BX, the top of the stack, where
   185                                                       ; we want it. Slick, eh?
   186 00000089 EB64                            jmp next     ; Go do the next word.
   187                                  
   188                                  ; -------------------
   189                                  ; Stack
   190                                  ; -------------------
   191                                  
   192                                  ; rot - ( x y z -- y z x ) rotate x, y and z.
   193                                  ;   Standard Forth word that extracts number 3rd from the top of the stack
   194                                  ;   and puts it on the top, effectively rotating the top 3 values.
   195                                          primitive 'rot',rote
   133                              <1> 
   134                              <1> 
   135                              <1> 
   136                              <1> 
   137                              <1> 
   138                              <1> 
   139                              <1> 
   140                              <1> 
   141                              <1> 
   142                              <1> 
   143                              <1> 
   144                              <1> 
   145                              <1> 
   146                              <1> 
   147                              <1>  head %1,%2,%3,$+2
    39                              <2> 
    40                              <2> 
    41                              <2> 
    42                              <2> 
    43                              <2> 
    44                              <2> 
    45                              <2> 
    46                              <2> 
    47 0000008B [7E00]              <2>  %%link dw link
    48                              <2> 
    49                              <2> 
    50                              <2> 
    51                              <2> 
    52                              <2> 
    53                              <2> 
    54                              <2> 
    55                              <2> 
    56                              <2> 
    57                              <2> 
    58                              <2> 
    59                              <2> 
    60                              <2> 
    61                              <2> 
    62                              <2> 
    63                              <2> 
    64                              <2>  %define link %%link
    65                              <2> 
    66                              <2> 
    67                              <2> 
    68                              <2> 
    69                              <2> 
    70                              <2> 
    71                              <2>  %strlen %%count %1
    72                              <2> 
    73                              <2> 
    74                              <2> 
    75                              <2> 
    76                              <2> 
    77                              <2> 
    78                              <2> 
    79 0000008D 03726F74            <2>  db %3 + %%count,%1
    80                              <2> 
    81                              <2> 
    82                              <2> 
    83                              <2> 
    84                              <2> 
    85                              <2> 
    86                              <2> 
    87                              <2> 
    88                              <2> 
    89                              <2> 
    90 00000091 [9300]              <2>  xt_ %+ %2 dw %4
    91                              <2> 
    92                              <2> 
    93                              <2> 
    94                              <2> 
    95                              <2> 
    96                              <2> 
   148                              <1> 
   149                              <1> 
   196 00000093 5A                              pop dx       ; Unload "y" from the stack.
   197 00000094 58                              pop ax       ; Unload "x" from the stack. Remember that "z" is
   198                                                       ; already in BX.
   199 00000095 52                              push dx      ; Push "y" back onto the stack.
   200 00000096 53                              push bx      ; Push "z" down into the stack on top of "y".
   201 00000097 93                              xchg ax,bx   ; Swap "x" into the BX register so that it's now
   202                                                       ; at the top of the stack.
   203 00000098 EB55                            jmp next     ; Go do the next word.
   204                                  
   205                                  ; drop - ( x -- ) remove x from the stack.
   206                                          primitive 'drop',drop
   133                              <1> 
   134                              <1> 
   135                              <1> 
   136                              <1> 
   137                              <1> 
   138                              <1> 
   139                              <1> 
   140                              <1> 
   141                              <1> 
   142                              <1> 
   143                              <1> 
   144                              <1> 
   145                              <1> 
   146                              <1> 
   147                              <1>  head %1,%2,%3,$+2
    39                              <2> 
    40                              <2> 
    41                              <2> 
    42                              <2> 
    43                              <2> 
    44                              <2> 
    45                              <2> 
    46                              <2> 
    47 0000009A [8B00]              <2>  %%link dw link
    48                              <2> 
    49                              <2> 
    50                              <2> 
    51                              <2> 
    52                              <2> 
    53                              <2> 
    54                              <2> 
    55                              <2> 
    56                              <2> 
    57                              <2> 
    58                              <2> 
    59                              <2> 
    60                              <2> 
    61                              <2> 
    62                              <2> 
    63                              <2> 
    64                              <2>  %define link %%link
    65                              <2> 
    66                              <2> 
    67                              <2> 
    68                              <2> 
    69                              <2> 
    70                              <2> 
    71                              <2>  %strlen %%count %1
    72                              <2> 
    73                              <2> 
    74                              <2> 
    75                              <2> 
    76                              <2> 
    77                              <2> 
    78                              <2> 
    79 0000009C 0464726F70          <2>  db %3 + %%count,%1
    80                              <2> 
    81                              <2> 
    82                              <2> 
    83                              <2> 
    84                              <2> 
    85                              <2> 
    86                              <2> 
    87                              <2> 
    88                              <2> 
    89                              <2> 
    90 000000A1 [A300]              <2>  xt_ %+ %2 dw %4
    91                              <2> 
    92                              <2> 
    93                              <2> 
    94                              <2> 
    95                              <2> 
    96                              <2> 
   148                              <1> 
   149                              <1> 
   207 000000A3 5B                              pop bx       ; Pop the 2nd item on the stack into the BX register,
   208                                                       ; writing over the item that was already at the top
   209                                                       ; of the stack in BX. It's that simple.
   210 000000A4 EB49                            jmp next     ; Go do the next word.
   211                                  
   212                                  ; dup - ( x -- x x ) add a copy of x to the stack
   213                                          primitive 'dup',dupe
   133                              <1> 
   134                              <1> 
   135                              <1> 
   136                              <1> 
   137                              <1> 
   138                              <1> 
   139                              <1> 
   140                              <1> 
   141                              <1> 
   142                              <1> 
   143                              <1> 
   144                              <1> 
   145                              <1> 
   146                              <1> 
   147                              <1>  head %1,%2,%3,$+2
    39                              <2> 
    40                              <2> 
    41                              <2> 
    42                              <2> 
    43                              <2> 
    44                              <2> 
    45                              <2> 
    46                              <2> 
    47 000000A6 [9A00]              <2>  %%link dw link
    48                              <2> 
    49                              <2> 
    50                              <2> 
    51                              <2> 
    52                              <2> 
    53                              <2> 
    54                              <2> 
    55                              <2> 
    56                              <2> 
    57                              <2> 
    58                              <2> 
    59                              <2> 
    60                              <2> 
    61                              <2> 
    62                              <2> 
    63                              <2> 
    64                              <2>  %define link %%link
    65                              <2> 
    66                              <2> 
    67                              <2> 
    68                              <2> 
    69                              <2> 
    70                              <2> 
    71                              <2>  %strlen %%count %1
    72                              <2> 
    73                              <2> 
    74                              <2> 
    75                              <2> 
    76                              <2> 
    77                              <2> 
    78                              <2> 
    79 000000A8 03647570            <2>  db %3 + %%count,%1
    80                              <2> 
    81                              <2> 
    82                              <2> 
    83                              <2> 
    84                              <2> 
    85                              <2> 
    86                              <2> 
    87                              <2> 
    88                              <2> 
    89                              <2> 
    90 000000AC [AE00]              <2>  xt_ %+ %2 dw %4
    91                              <2> 
    92                              <2> 
    93                              <2> 
    94                              <2> 
    95                              <2> 
    96                              <2> 
   148                              <1> 
   149                              <1> 
   214 000000AE 53                              push bx      ; Remember that BX is the top of the stack. Push an
   215                                                       ; extra copy of what's in BX onto the stack.
   216 000000AF EB3E                            jmp next     ; Go do the next word.
   217                                  
   218                                  ; # swap - ( x y -- y x ) exchange x and y
   219                                          primitive 'swap',swap
   133                              <1> 
   134                              <1> 
   135                              <1> 
   136                              <1> 
   137                              <1> 
   138                              <1> 
   139                              <1> 
   140                              <1> 
   141                              <1> 
   142                              <1> 
   143                              <1> 
   144                              <1> 
   145                              <1> 
   146                              <1> 
   147                              <1>  head %1,%2,%3,$+2
    39                              <2> 
    40                              <2> 
    41                              <2> 
    42                              <2> 
    43                              <2> 
    44                              <2> 
    45                              <2> 
    46                              <2> 
    47 000000B1 [A600]              <2>  %%link dw link
    48                              <2> 
    49                              <2> 
    50                              <2> 
    51                              <2> 
    52                              <2> 
    53                              <2> 
    54                              <2> 
    55                              <2> 
    56                              <2> 
    57                              <2> 
    58                              <2> 
    59                              <2> 
    60                              <2> 
    61                              <2> 
    62                              <2> 
    63                              <2> 
    64                              <2>  %define link %%link
    65                              <2> 
    66                              <2> 
    67                              <2> 
    68                              <2> 
    69                              <2> 
    70                              <2> 
    71                              <2>  %strlen %%count %1
    72                              <2> 
    73                              <2> 
    74                              <2> 
    75                              <2> 
    76                              <2> 
    77                              <2> 
    78                              <2> 
    79 000000B3 0473776170          <2>  db %3 + %%count,%1
    80                              <2> 
    81                              <2> 
    82                              <2> 
    83                              <2> 
    84                              <2> 
    85                              <2> 
    86                              <2> 
    87                              <2> 
    88                              <2> 
    89                              <2> 
    90 000000B8 [BA00]              <2>  xt_ %+ %2 dw %4
    91                              <2> 
    92                              <2> 
    93                              <2> 
    94                              <2> 
    95                              <2> 
    96                              <2> 
   148                              <1> 
   149                              <1> 
   220 000000BA 58                              pop ax       ; Pop "x", the number 2nd from the top, into AX.
   221 000000BB 53                              push bx      ; Push "y", the former top of the stack.
   222 000000BC 93                              xchg ax,bx   ; Swap "x" into BX to become the new stack top. We
   223                                                       ; don't care what happens to the value of "y" that
   224                                                       ; ends up in AX because that value is now safely
   225                                                       ; in the stack.
   226 000000BD EB30                            jmp next     ; Go do the next word.
   227                                  
   228                                  ; -------------------
   229                                  ; Maths / Logic
   230                                  ; -------------------
   231                                  
   232                                  ; + - ( x y -- z) calculate z=x+y then return z
   233                                          primitive '+',plus
   133                              <1> 
   134                              <1> 
   135                              <1> 
   136                              <1> 
   137                              <1> 
   138                              <1> 
   139                              <1> 
   140                              <1> 
   141                              <1> 
   142                              <1> 
   143                              <1> 
   144                              <1> 
   145                              <1> 
   146                              <1> 
   147                              <1>  head %1,%2,%3,$+2
    39                              <2> 
    40                              <2> 
    41                              <2> 
    42                              <2> 
    43                              <2> 
    44                              <2> 
    45                              <2> 
    46                              <2> 
    47 000000BF [B100]              <2>  %%link dw link
    48                              <2> 
    49                              <2> 
    50                              <2> 
    51                              <2> 
    52                              <2> 
    53                              <2> 
    54                              <2> 
    55                              <2> 
    56                              <2> 
    57                              <2> 
    58                              <2> 
    59                              <2> 
    60                              <2> 
    61                              <2> 
    62                              <2> 
    63                              <2> 
    64                              <2>  %define link %%link
    65                              <2> 
    66                              <2> 
    67                              <2> 
    68                              <2> 
    69                              <2> 
    70                              <2> 
    71                              <2>  %strlen %%count %1
    72                              <2> 
    73                              <2> 
    74                              <2> 
    75                              <2> 
    76                              <2> 
    77                              <2> 
    78                              <2> 
    79 000000C1 012B                <2>  db %3 + %%count,%1
    80                              <2> 
    81                              <2> 
    82                              <2> 
    83                              <2> 
    84                              <2> 
    85                              <2> 
    86                              <2> 
    87                              <2> 
    88                              <2> 
    89                              <2> 
    90 000000C3 [C500]              <2>  xt_ %+ %2 dw %4
    91                              <2> 
    92                              <2> 
    93                              <2> 
    94                              <2> 
    95                              <2> 
    96                              <2> 
   148                              <1> 
   149                              <1> 
   234 000000C5 58                              pop ax       ; Pop the value of "x" off of the stack.
   235 000000C6 01C3                            add bx,ax    ; Add "x" to the value of "y" that's at the top of the
   236                                                       ; stack in the BX register. The way the opcode is
   237                                                       ; written, the result is left in the BX register,
   238                                                       ; conveniently at the top of the stack.
   239 000000C8 EB25                            jmp next     ; Go do the next word.
   240                                  
   241                                  ; = - ( x y -- flag ) return true if x=y
   242                                          primitive '=',equals
   133                              <1> 
   134                              <1> 
   135                              <1> 
   136                              <1> 
   137                              <1> 
   138                              <1> 
   139                              <1> 
   140                              <1> 
   141                              <1> 
   142                              <1> 
   143                              <1> 
   144                              <1> 
   145                              <1> 
   146                              <1> 
   147                              <1>  head %1,%2,%3,$+2
    39                              <2> 
    40                              <2> 
    41                              <2> 
    42                              <2> 
    43                              <2> 
    44                              <2> 
    45                              <2> 
    46                              <2> 
    47 000000CA [BF00]              <2>  %%link dw link
    48                              <2> 
    49                              <2> 
    50                              <2> 
    51                              <2> 
    52                              <2> 
    53                              <2> 
    54                              <2> 
    55                              <2> 
    56                              <2> 
    57                              <2> 
    58                              <2> 
    59                              <2> 
    60                              <2> 
    61                              <2> 
    62                              <2> 
    63                              <2> 
    64                              <2>  %define link %%link
    65                              <2> 
    66                              <2> 
    67                              <2> 
    68                              <2> 
    69                              <2> 
    70                              <2> 
    71                              <2>  %strlen %%count %1
    72                              <2> 
    73                              <2> 
    74                              <2> 
    75                              <2> 
    76                              <2> 
    77                              <2> 
    78                              <2> 
    79 000000CC 013D                <2>  db %3 + %%count,%1
    80                              <2> 
    81                              <2> 
    82                              <2> 
    83                              <2> 
    84                              <2> 
    85                              <2> 
    86                              <2> 
    87                              <2> 
    88                              <2> 
    89                              <2> 
    90 000000CE [D000]              <2>  xt_ %+ %2 dw %4
    91                              <2> 
    92                              <2> 
    93                              <2> 
    94                              <2> 
    95                              <2> 
    96                              <2> 
   148                              <1> 
   149                              <1> 
   243 000000D0 58                              pop ax     ; Get the "x" value into a register.
   244 000000D1 29C3                            sub bx,ax  ; Perform BX-AX (or y-x)and leave result in BX. If x and
   245                                                     ; y are equal, this will result in a 0 in BX. But a zero
   246                                                     ; is a false flag in just about all Forth systems, and we
   247                                                     ; want a TRUE flag if the numbers are equal. So...
   248 000000D3 83EB01                          sub bx,1   ; Subtract 1 from it. If we had a zero before, now we've
   249                                                     ; got a -1 (or 0ffffh), and a carry flag was generated.
   250                                                     ; Any other value in BX will not generate a carry.
   251 000000D6 19DB                            sbb bx,bx  ; This has the effect of moving the carry bit into the BX
   252                                                     ; register. So, if the numbers were not equal, then the
   253                                                     ; "sub bx,1" didn't generate a carry, so the result will
   254                                                     ; be a 0 in the BX (numbers were not equal, result is
   255                                                     ; false). If the original numbers on the stack were equal,
   256                                                     ; though, then the carry bit was set and then copied
   257                                                     ; into the BX register to act as our true flag.
   258                                                     ; This may seem a bit cryptic, but it produces smaller
   259                                                     ; code and runs faster than a bunch of conditional jumps
   260                                                     ; and immediate loads would.
   261 000000D8 EB15                            jmp next   ; Go do the next word.
   262                                  
   263                                  ; -------------------
   264                                  ; Peek and Poke
   265                                  ; -------------------
   266                                  
   267                                  ; @ - ( addr -- x ) read x from addr
   268                                  ; "Fetch", as the name of this word is pronounced, reads a 16-bit number from
   269                                  ; a given memory address, the way the Basic "peek" command does, and leaves
   270                                  ; it at the top of the stack.
   271                                          primitive '@',fetch
   133                              <1> 
   134                              <1> 
   135                              <1> 
   136                              <1> 
   137                              <1> 
   138                              <1> 
   139                              <1> 
   140                              <1> 
   141                              <1> 
   142                              <1> 
   143                              <1> 
   144                              <1> 
   145                              <1> 
   146                              <1> 
   147                              <1>  head %1,%2,%3,$+2
    39                              <2> 
    40                              <2> 
    41                              <2> 
    42                              <2> 
    43                              <2> 
    44                              <2> 
    45                              <2> 
    46                              <2> 
    47 000000DA [CA00]              <2>  %%link dw link
    48                              <2> 
    49                              <2> 
    50                              <2> 
    51                              <2> 
    52                              <2> 
    53                              <2> 
    54                              <2> 
    55                              <2> 
    56                              <2> 
    57                              <2> 
    58                              <2> 
    59                              <2> 
    60                              <2> 
    61                              <2> 
    62                              <2> 
    63                              <2> 
    64                              <2>  %define link %%link
    65                              <2> 
    66                              <2> 
    67                              <2> 
    68                              <2> 
    69                              <2> 
    70                              <2> 
    71                              <2>  %strlen %%count %1
    72                              <2> 
    73                              <2> 
    74                              <2> 
    75                              <2> 
    76                              <2> 
    77                              <2> 
    78                              <2> 
    79 000000DC 0140                <2>  db %3 + %%count,%1
    80                              <2> 
    81                              <2> 
    82                              <2> 
    83                              <2> 
    84                              <2> 
    85                              <2> 
    86                              <2> 
    87                              <2> 
    88                              <2> 
    89                              <2> 
    90 000000DE [E000]              <2>  xt_ %+ %2 dw %4
    91                              <2> 
    92                              <2> 
    93                              <2> 
    94                              <2> 
    95                              <2> 
    96                              <2> 
   148                              <1> 
   149                              <1> 
   272 000000E0 8B1F                            mov bx,word[bx]  ; Read the value in the memory address pointed to by
   273                                                           ; the BX register and move that value directly into
   274                                                           ; BX, replacing the address at the top of the stack.
   275 000000E2 EB0B                            jmp next         ; Go do the next word.
   276                                  
   277                                  ; ! - ( x addr -- ) store x at addr
   278                                  ; Similar to @, ! ("store") writes a value directly to a memory address, like
   279                                  ; the Basic "poke" command.
   280                                          primitive '!',store
   133                              <1> 
   134                              <1> 
   135                              <1> 
   136                              <1> 
   137                              <1> 
   138                              <1> 
   139                              <1> 
   140                              <1> 
   141                              <1> 
   142                              <1> 
   143                              <1> 
   144                              <1> 
   145                              <1> 
   146                              <1> 
   147                              <1>  head %1,%2,%3,$+2
    39                              <2> 
    40                              <2> 
    41                              <2> 
    42                              <2> 
    43                              <2> 
    44                              <2> 
    45                              <2> 
    46                              <2> 
    47 000000E4 [DA00]              <2>  %%link dw link
    48                              <2> 
    49                              <2> 
    50                              <2> 
    51                              <2> 
    52                              <2> 
    53                              <2> 
    54                              <2> 
    55                              <2> 
    56                              <2> 
    57                              <2> 
    58                              <2> 
    59                              <2> 
    60                              <2> 
    61                              <2> 
    62                              <2> 
    63                              <2> 
    64                              <2>  %define link %%link
    65                              <2> 
    66                              <2> 
    67                              <2> 
    68                              <2> 
    69                              <2> 
    70                              <2> 
    71                              <2>  %strlen %%count %1
    72                              <2> 
    73                              <2> 
    74                              <2> 
    75                              <2> 
    76                              <2> 
    77                              <2> 
    78                              <2> 
    79 000000E6 0121                <2>  db %3 + %%count,%1
    80                              <2> 
    81                              <2> 
    82                              <2> 
    83                              <2> 
    84                              <2> 
    85                              <2> 
    86                              <2> 
    87                              <2> 
    88                              <2> 
    89                              <2> 
    90 000000E8 [EA00]              <2>  xt_ %+ %2 dw %4
    91                              <2> 
    92                              <2> 
    93                              <2> 
    94                              <2> 
    95                              <2> 
    96                              <2> 
   148                              <1> 
   149                              <1> 
   281 000000EA 8F07                            pop word[bx]  ; Okay, this is a bit slick. All in one opcode, we pop
   282                                                        ; the number that's 2nd from the top of the stack
   283                                                        ; (i.e. "x" in the argument list) and send it directly
   284                                                        ; to the memory address pointed to by BX (the address
   285                                                        ; at the top of the stack).
   286 000000EC 5B                              pop bx        ; Pop whatever was 3rd from the top of the stack into
   287                                                        ; the BX register to become the new TOS.
   288 000000ED EB00                            jmp next      ; Go do the next word.
   289                                  
   290                                  ; -------------------
   291                                  ; Inner Interpreter
   292                                  ; -------------------
   293                                  
   294                                  ; This routine is the very heart of the Forth system. After execution, all
   295                                  ; Forth words jump to this routine, which pulls up the code field address
   296                                  ; of the next word to be executed and then executes it. Note that next
   297                                  ; doesn't have a header of its own.
   298 000000EF AD                      next    lodsw         ; Load into the AX register the 16-bit value pointed
   299                                                        ; to by the SI register (Itsy's instruction pointer,
   300                                                        ; which this op then automatically increments SI by 2).
   301                                                        ; The net result is that we just loaded into AX the
   302                                                        ; CFA of the next word to be executed and left the
   303                                                        ; instruction pointer pointing to the word that
   304                                                        ; follows the next one.
   305 000000F0 97                              xchg di,ax    ; Move the CFA of the next word into the DI register.
   306                                                        ; We have to do this because the 8086 doesn't have
   307                                                        ; an opcode for "jmp [ax]".
   308 000000F1 FF25                            jmp word[di]  ; Jump and start executing code at the address pointed
   309                                                        ; to by the value in the DI register.
   310                                  
   311                                  ; -------------------
   312                                  ; Flow Control
   313                                  ; -------------------
   314                                  
   315                                  ; 0branch - ( x -- ) jump if x is zero
   316                                  ; This is the primitive word that's compiled as the runtime code in
   317                                  ; an IF...THEN statement. The number compiled into the word's definition
   318                                  ; immediately after 0branch is the address of the word in the definition
   319                                  ; that we're branching to. That address gets loaded into the instruction
   320                                  ; pointer. In essence, this word sees a false flag (i.e. a zero) and
   321                                  ; then jumps over the words that comprise the "do this if true" clause
   322                                  ; of an IF...ELSE...THEN statement.
   323                                          primitive '0branch',zero_branch
   133                              <1> 
   134                              <1> 
   135                              <1> 
   136                              <1> 
   137                              <1> 
   138                              <1> 
   139                              <1> 
   140                              <1> 
   141                              <1> 
   142                              <1> 
   143                              <1> 
   144                              <1> 
   145                              <1> 
   146                              <1> 
   147                              <1>  head %1,%2,%3,$+2
    39                              <2> 
    40                              <2> 
    41                              <2> 
    42                              <2> 
    43                              <2> 
    44                              <2> 
    45                              <2> 
    46                              <2> 
    47 000000F3 [E400]              <2>  %%link dw link
    48                              <2> 
    49                              <2> 
    50                              <2> 
    51                              <2> 
    52                              <2> 
    53                              <2> 
    54                              <2> 
    55                              <2> 
    56                              <2> 
    57                              <2> 
    58                              <2> 
    59                              <2> 
    60                              <2> 
    61                              <2> 
    62                              <2> 
    63                              <2> 
    64                              <2>  %define link %%link
    65                              <2> 
    66                              <2> 
    67                              <2> 
    68                              <2> 
    69                              <2> 
    70                              <2> 
    71                              <2>  %strlen %%count %1
    72                              <2> 
    73                              <2> 
    74                              <2> 
    75                              <2> 
    76                              <2> 
    77                              <2> 
    78                              <2> 
    79 000000F5 07306272616E6368    <2>  db %3 + %%count,%1
    80                              <2> 
    81                              <2> 
    82                              <2> 
    83                              <2> 
    84                              <2> 
    85                              <2> 
    86                              <2> 
    87                              <2> 
    88                              <2> 
    89                              <2> 
    90 000000FD [FF00]              <2>  xt_ %+ %2 dw %4
    91                              <2> 
    92                              <2> 
    93                              <2> 
    94                              <2> 
    95                              <2> 
    96                              <2> 
   148                              <1> 
   149                              <1> 
   324 000000FF AD                              lodsw        ; Load into the AX register the 16-bit value pointed
   325                                                       ; to by the SI register (Itsy's instruction pointer,
   326                                                       ; which this op then automatically increments SI by 2).
   327                                                       ; The net result is that we just loaded into AX the
   328                                                       ; CFA of the next word to be executed and left the
   329                                                       ; instruction pointer pointing to the word that
   330                                                       ; follows the next one.
   331 00000100 85DB                            test bx,bx   ; See if there's a 0 at the top of the stack.
   332 00000102 7501                            jne zerob_z  ; If it's not zero, jump.
   333 00000104 96                              xchg ax,si   ; If the flag is a zero, we want to move the CFA of
   334                                                       ; the word we want to branch to into the Forth
   335                                                       ; instruction pointer. If the TOS was non-zero, the
   336                                                       ; instruction pointer is left still pointing to the CFA
   337                                                       ; of the word that follows the branch reference.
   338 00000105 5B                      zerob_z pop bx       ; Throw away the flag and move everything on the stack
   339                                                       ; up by one spot.
   340 00000106 EBE7                            jmp next     ; Oh, you know what this does by now...
   341                                  
   342                                  ; branch - ( addr -- ) unconditional jump
   343                                  ; This is one of the pieces of runtime code that's compiled by
   344                                  ; BEGIN/WHILE/REPEAT, BEGIN/AGAIN, and BEGIN/UNTIL loops. As with 0branch,
   345                                  ; the number compiled into the dictionary immediately after the branch is
   346                                  ; the address of the word in the definition that we're branching to.
   347                                          primitive 'branch',branch
   133                              <1> 
   134                              <1> 
   135                              <1> 
   136                              <1> 
   137                              <1> 
   138                              <1> 
   139                              <1> 
   140                              <1> 
   141                              <1> 
   142                              <1> 
   143                              <1> 
   144                              <1> 
   145                              <1> 
   146                              <1> 
   147                              <1>  head %1,%2,%3,$+2
    39                              <2> 
    40                              <2> 
    41                              <2> 
    42                              <2> 
    43                              <2> 
    44                              <2> 
    45                              <2> 
    46                              <2> 
    47 00000108 [F300]              <2>  %%link dw link
    48                              <2> 
    49                              <2> 
    50                              <2> 
    51                              <2> 
    52                              <2> 
    53                              <2> 
    54                              <2> 
    55                              <2> 
    56                              <2> 
    57                              <2> 
    58                              <2> 
    59                              <2> 
    60                              <2> 
    61                              <2> 
    62                              <2> 
    63                              <2> 
    64                              <2>  %define link %%link
    65                              <2> 
    66                              <2> 
    67                              <2> 
    68                              <2> 
    69                              <2> 
    70                              <2> 
    71                              <2>  %strlen %%count %1
    72                              <2> 
    73                              <2> 
    74                              <2> 
    75                              <2> 
    76                              <2> 
    77                              <2> 
    78                              <2> 
    79 0000010A 066272616E6368      <2>  db %3 + %%count,%1
    80                              <2> 
    81                              <2> 
    82                              <2> 
    83                              <2> 
    84                              <2> 
    85                              <2> 
    86                              <2> 
    87                              <2> 
    88                              <2> 
    89                              <2> 
    90 00000111 [1301]              <2>  xt_ %+ %2 dw %4
    91                              <2> 
    92                              <2> 
    93                              <2> 
    94                              <2> 
    95                              <2> 
    96                              <2> 
   148                              <1> 
   149                              <1> 
   348 00000113 8B34                            mov si,word[si]  ; The instruction pointer has already been
   349                                                           ; incremented to point to the address immediately
   350                                                           ; following the branch statement, which means it's
   351                                                           ; pointing to where our branch-to address is
   352                                                           ; stored. This opcode takes the value pointed to
   353                                                           ; by the SI register and loads it directly into
   354                                                           ; the SI, which is used as Forth's instruction
   355                                                           ; pointer.
   356 00000115 EBD8                            jmp next
   357                                  
   358                                  ; execute - ( xt -- ) call the word at xt
   359                                          primitive 'execute',execute
   133                              <1> 
   134                              <1> 
   135                              <1> 
   136                              <1> 
   137                              <1> 
   138                              <1> 
   139                              <1> 
   140                              <1> 
   141                              <1> 
   142                              <1> 
   143                              <1> 
   144                              <1> 
   145                              <1> 
   146                              <1> 
   147                              <1>  head %1,%2,%3,$+2
    39                              <2> 
    40                              <2> 
    41                              <2> 
    42                              <2> 
    43                              <2> 
    44                              <2> 
    45                              <2> 
    46                              <2> 
    47 00000117 [0801]              <2>  %%link dw link
    48                              <2> 
    49                              <2> 
    50                              <2> 
    51                              <2> 
    52                              <2> 
    53                              <2> 
    54                              <2> 
    55                              <2> 
    56                              <2> 
    57                              <2> 
    58                              <2> 
    59                              <2> 
    60                              <2> 
    61                              <2> 
    62                              <2> 
    63                              <2> 
    64                              <2>  %define link %%link
    65                              <2> 
    66                              <2> 
    67                              <2> 
    68                              <2> 
    69                              <2> 
    70                              <2> 
    71                              <2>  %strlen %%count %1
    72                              <2> 
    73                              <2> 
    74                              <2> 
    75                              <2> 
    76                              <2> 
    77                              <2> 
    78                              <2> 
    79 00000119 0765786563757465    <2>  db %3 + %%count,%1
    80                              <2> 
    81                              <2> 
    82                              <2> 
    83                              <2> 
    84                              <2> 
    85                              <2> 
    86                              <2> 
    87                              <2> 
    88                              <2> 
    89                              <2> 
    90 00000121 [2301]              <2>  xt_ %+ %2 dw %4
    91                              <2> 
    92                              <2> 
    93                              <2> 
    94                              <2> 
    95                              <2> 
    96                              <2> 
   148                              <1> 
   149                              <1> 
   360 00000123 89DF                            mov di,bx     ; Move the jump-to address to the DI register.
   361 00000125 5B                              pop bx        ; Pop the next number on the stack into the TOS.
   362 00000126 FF25                            jmp word[di]  ; Jump to the address pointed to by the DI register.
   363                                  
   364                                  ; exit - ( -- ) return from the current word
   365                                          primitive 'exit',exit
   133                              <1> 
   134                              <1> 
   135                              <1> 
   136                              <1> 
   137                              <1> 
   138                              <1> 
   139                              <1> 
   140                              <1> 
   141                              <1> 
   142                              <1> 
   143                              <1> 
   144                              <1> 
   145                              <1> 
   146                              <1> 
   147                              <1>  head %1,%2,%3,$+2
    39                              <2> 
    40                              <2> 
    41                              <2> 
    42                              <2> 
    43                              <2> 
    44                              <2> 
    45                              <2> 
    46                              <2> 
    47 00000128 [1701]              <2>  %%link dw link
    48                              <2> 
    49                              <2> 
    50                              <2> 
    51                              <2> 
    52                              <2> 
    53                              <2> 
    54                              <2> 
    55                              <2> 
    56                              <2> 
    57                              <2> 
    58                              <2> 
    59                              <2> 
    60                              <2> 
    61                              <2> 
    62                              <2> 
    63                              <2> 
    64                              <2>  %define link %%link
    65                              <2> 
    66                              <2> 
    67                              <2> 
    68                              <2> 
    69                              <2> 
    70                              <2> 
    71                              <2>  %strlen %%count %1
    72                              <2> 
    73                              <2> 
    74                              <2> 
    75                              <2> 
    76                              <2> 
    77                              <2> 
    78                              <2> 
    79 0000012A 0465786974          <2>  db %3 + %%count,%1
    80                              <2> 
    81                              <2> 
    82                              <2> 
    83                              <2> 
    84                              <2> 
    85                              <2> 
    86                              <2> 
    87                              <2> 
    88                              <2> 
    89                              <2> 
    90 0000012F [3101]              <2>  xt_ %+ %2 dw %4
    91                              <2> 
    92                              <2> 
    93                              <2> 
    94                              <2> 
    95                              <2> 
    96                              <2> 
   148                              <1> 
   149                              <1> 
   366 00000131 8B7600                          mov si,word[bp]  ; The BP register is used as Itsy's return stack
   367                                                           ; pointer. The value at its top is the address of
   368                                                           ; the instruction being pointed to before the word
   369                                                           ; currently being executed was called. This opcode
   370                                                           ; loads that address into the SI register.
   371 00000134 45                              inc bp           ; Now we have to increment BP twice to do a manual
   372                                                           ; "pop" of the return stack pointer.
   373 00000135 45                              inc bp           ; 
   374 00000136 EBB7                            jmp next         ; We jump to next with the SI now having the address
   375                                                           ; pointing into the word that called the one we're
   376                                                           ; finishing up now. The result is that next will go
   377                                                           ; back into that calling word and pick up where it
   378                                                           ; left off earlier.
   379                                  
   380                                  ; -------------------
   381                                  ; String
   382                                  ; -------------------
   383                                  
   384                                  ; count - ( addr -- addr2 len )
   385                                  ; count is given the address of a counted string (like the name field of a
   386                                  ; word definition in Forth, with the first byte being the number of
   387                                  ; characters in the string and immediately followed by the characters
   388                                  ; themselves). It returns the length of the string and a pointer to the
   389                                  ; first actual character in the string.
   390                                          primitive 'count',count
   133                              <1> 
   134                              <1> 
   135                              <1> 
   136                              <1> 
   137                              <1> 
   138                              <1> 
   139                              <1> 
   140                              <1> 
   141                              <1> 
   142                              <1> 
   143                              <1> 
   144                              <1> 
   145                              <1> 
   146                              <1> 
   147                              <1>  head %1,%2,%3,$+2
    39                              <2> 
    40                              <2> 
    41                              <2> 
    42                              <2> 
    43                              <2> 
    44                              <2> 
    45                              <2> 
    46                              <2> 
    47 00000138 [2801]              <2>  %%link dw link
    48                              <2> 
    49                              <2> 
    50                              <2> 
    51                              <2> 
    52                              <2> 
    53                              <2> 
    54                              <2> 
    55                              <2> 
    56                              <2> 
    57                              <2> 
    58                              <2> 
    59                              <2> 
    60                              <2> 
    61                              <2> 
    62                              <2> 
    63                              <2> 
    64                              <2>  %define link %%link
    65                              <2> 
    66                              <2> 
    67                              <2> 
    68                              <2> 
    69                              <2> 
    70                              <2> 
    71                              <2>  %strlen %%count %1
    72                              <2> 
    73                              <2> 
    74                              <2> 
    75                              <2> 
    76                              <2> 
    77                              <2> 
    78                              <2> 
    79 0000013A 05636F756E74        <2>  db %3 + %%count,%1
    80                              <2> 
    81                              <2> 
    82                              <2> 
    83                              <2> 
    84                              <2> 
    85                              <2> 
    86                              <2> 
    87                              <2> 
    88                              <2> 
    89                              <2> 
    90 00000140 [4201]              <2>  xt_ %+ %2 dw %4
    91                              <2> 
    92                              <2> 
    93                              <2> 
    94                              <2> 
    95                              <2> 
    96                              <2> 
   148                              <1> 
   149                              <1> 
   391 00000142 43                              inc bx             ; Increment the address past the length byte so
   392                                                             ; it now points to the actual string.
   393 00000143 53                              push bx            ; Push the new address onto the stack.
   394 00000144 8A5FFF                          mov bl,byte[bx-1]  ; Move the length byte into the lower half of
   395                                                             ; the BX register.
   396 00000147 B700                            mov bh,0           ; Load a 0 into the upper half of the BX reg.
   397 00000149 EBA4                            jmp next
   398                                  
   399                                  ; >number - ( double addr len -- double2 addr2 zero    ) if successful, or
   400                                  ;           ( double addr len -- int     addr2 nonzero ) on error.
   401                                  ; Convert a string to an unsigned double-precision integer.
   402                                  ; addr points to a string of len characters which >number attempts to
   403                                  ; convert to a number using the current number base. >number returns
   404                                  ; the portion of the string which can't be converted, if any.
   405                                  ; Note that, as is standard for most Forths, >number attempts to
   406                                  ; convert a number into a double (most Forths also leave it as a double
   407                                  ; if they find a decimal point, but >number doesn't check for that) and
   408                                  ; that it's called with a dummy double value already on the stack.
   409                                  ; On return, if the top of the stack is 0, the number was successfully
   410                                  ; converted. If the top of the stack is non-zero, there was an error.
   411                                          primitive '>number',to_number
   133                              <1> 
   134                              <1> 
   135                              <1> 
   136                              <1> 
   137                              <1> 
   138                              <1> 
   139                              <1> 
   140                              <1> 
   141                              <1> 
   142                              <1> 
   143                              <1> 
   144                              <1> 
   145                              <1> 
   146                              <1> 
   147                              <1>  head %1,%2,%3,$+2
    39                              <2> 
    40                              <2> 
    41                              <2> 
    42                              <2> 
    43                              <2> 
    44                              <2> 
    45                              <2> 
    46                              <2> 
    47 0000014B [3801]              <2>  %%link dw link
    48                              <2> 
    49                              <2> 
    50                              <2> 
    51                              <2> 
    52                              <2> 
    53                              <2> 
    54                              <2> 
    55                              <2> 
    56                              <2> 
    57                              <2> 
    58                              <2> 
    59                              <2> 
    60                              <2> 
    61                              <2> 
    62                              <2> 
    63                              <2> 
    64                              <2>  %define link %%link
    65                              <2> 
    66                              <2> 
    67                              <2> 
    68                              <2> 
    69                              <2> 
    70                              <2> 
    71                              <2>  %strlen %%count %1
    72                              <2> 
    73                              <2> 
    74                              <2> 
    75                              <2> 
    76                              <2> 
    77                              <2> 
    78                              <2> 
    79 0000014D 073E6E756D626572    <2>  db %3 + %%count,%1
    80                              <2> 
    81                              <2> 
    82                              <2> 
    83                              <2> 
    84                              <2> 
    85                              <2> 
    86                              <2> 
    87                              <2> 
    88                              <2> 
    89                              <2> 
    90 00000155 [5701]              <2>  xt_ %+ %2 dw %4
    91                              <2> 
    92                              <2> 
    93                              <2> 
    94                              <2> 
    95                              <2> 
    96                              <2> 
   148                              <1> 
   149                              <1> 
   412                                                                ; Start out by loading values from the stack
   413                                                                ; into various registers. Remember that the
   414                                                                ; top of the stack, the string length, is
   415                                                                ; already in bx.
   416 00000157 5F                              pop di                ; Put the address into di.
   417 00000158 59                              pop cx                ; Put the high word of the double value into cx
   418 00000159 58                              pop ax                ; and the low word of the double value into ax.
   419 0000015A 85DB                    to_numl test bx,bx            ; Test the length byte.
   420 0000015C 7433                            je to_numz            ; If the string's length is zero, we're done.
   421                                                                ; Jump to end.
   422 0000015E 50                              push ax               ; Push the contents of ax (low word) so we can
   423                                                                ; use it for other things.
   424 0000015F 8A05                            mov al,byte[di]       ; Get the next byte in the string.
   425 00000161 3C61                            cmp al,'a'            ; Compare it to a lower-case 'a'.
   426 00000163 7202                            jc to_nums            ; "jc", "jump if carry", is a little cryptic.
   427                                                                ; I think a better choice of mnemonic would be
   428                                                                ; "jb", "jump if below", for understanding
   429                                                                ; what's going on here. Jump if the next byte
   430                                                                ; in the string is less than 'a'. If the chr
   431                                                                ; is greater than or equal to 'a', then it may
   432                                                                ; be a digit larger than 9 in a hex number.
   433 00000165 2C20                            sub al,32             ; Subtract 32 from the character. If we're
   434                                                                ; converting hexadecimal input, this'll have
   435                                                                ; the effect of converting lower case to
   436                                                                ; upper case.
   437 00000167 3C3A                    to_nums cmp al,'9'+1          ; Compare the character to whatever character
   438                                                                ; comes after '9'.
   439 00000169 7206                            jc to_numg            ; If it's '9' or less, it's possibly a decimal
   440                                                                ; digit. Jump for further testing.
   441 0000016B 3C41                            cmp al,'A'            ; Compare the character with 'A'.
   442 0000016D 7223                            jc to_numh            ; If it's one of those punctuation marks
   443                                                                ; between '9' and 'A', we've got an error.
   444                                                                ; Jump to the end.
   445 0000016F 2C07                            sub al,7              ; The character is a potentially valid digit
   446                                                                ; for a base larger than 10. Resize it so
   447                                                                ; that 'A' becomes the digit for 11, 'B'
   448                                                                ; signifies a 11, etc.
   449 00000171 2C30                    to_numg sub al,48             ; Convert the digit to its corresponding
   450                                                                ; number. This op could also have been
   451                                                                ; written as "sub al,'0'"
   452 00000173 B400                            mov ah,0              ; Clear the ah register. The AX reg now
   453                                                                ; contains the numeric value of the new digit.
   454 00000175 3A06[3500]                      cmp al,byte[val_base] ; Compare the digit's value to the base.
   455 00000179 7317                            jnc to_numh           ; If the digit's value is above or equal to
   456                                                                ; to the base, we've got an error. Jump to end.
   457                                                                ; (I think using "jae" would be less cryptic.)
   458                                                                ; (NASM's documentation doesn't list jae as a
   459                                                                ; valid opcode, but then again, it doesn't
   460                                                                ; list jnc in its opcode list either.)
   461 0000017B 92                              xchg ax,dx            ; Save the digit value in AX by swapping it
   462                                                                ; the contents of DX. (We don't care what's
   463                                                                ; in DX; it's scratchpad.)
   464 0000017C 58                              pop ax                ; Recall the low word of our accumulated
   465                                                                ; double number and load it into AX.
   466 0000017D 52                              push dx               ; Save the digit value. (The DX register
   467                                                                ; will get clobbered by the upcoming mul.)
   468 0000017E 91                              xchg ax,cx            ; Swap the low and high words of our double
   469                                                                ; number. AX now holds the high word, and
   470                                                                ; CX the low.
   471 0000017F F726[3500]                      mul word[val_base]    ; 16-bit multiply the high word by the base.
   472                                                                ; High word of product is in DX, low in AX.
   473                                                                ; But we don't need the high word. It's going
   474                                                                ; to get overwritten by the next mul.
   475 00000183 91                              xchg ax,cx            ; Save the product of the first mul to the CX
   476                                                                ; register and put the low word of our double
   477                                                                ; number back into AX.
   478 00000184 F726[3500]                      mul word[val_base]    ; 16-bit multiply the low word of our converted
   479                                                                ; double number by the base, then add the high
   480 00000188 01D1                            add cx,dx             ; word of the product to the low word of the
   481                                                                ; first mul (i.e. do the carry).
   482 0000018A 5A                              pop dx                ; Recall the digit value, then add it in to
   483 0000018B 01D0                            add ax,dx             ; the low word of our accumulated double-
   484                                                                ; precision total.
   485                                                                ; NOTE: One might think, as I did at first,
   486                                                                ; that we need to deal with the carry from
   487                                                                ; this operation. But we just multiplied
   488                                                                ; the number by the base, and then added a
   489                                                                ; number that's already been checked to be
   490                                                                ; smaller than the base. In that case, there
   491                                                                ; will never be a carry out from this
   492                                                                ; addition. Think about it: You multiply a
   493                                                                ; number by 10 and get a new number whose
   494                                                                ; lowest digit is a zero. Then you add another
   495                                                                ; number less than 10 to it. You'll NEVER get
   496                                                                ; a carry from adding zero and a number less
   497                                                                ; than 10.
   498 0000018D 4B                              dec bx                ; Decrement the length.
   499 0000018E 47                              inc di                ; Inc the address pointer to the next byte
   500                                                                ; of the string we're converting.
   501 0000018F EBC9                            jmp to_numl           ; Jump back and convert any remaining
   502                                                                ; characters in the string.
   503 00000191 50                      to_numz push ax               ; Push the low word of the accumulated total
   504                                                                ; back onto the stack.
   505 00000192 51                      to_numh push cx               ; Push the high word of the accumulated total
   506                                                                ; back onto the stack.
   507 00000193 57                              push di               ; Push the string address back onto the stack.
   508                                                                ; Note that the character count is still in
   509                                                                ; BX and is therefore already at the top of
   510                                                                ; the stack. If BX is zero at this point,
   511                                                                ; we've successfully converted the number.
   512 00000194 E958FF                          jmp next              ; Done. Return to caller.
   513                                  
   514                                  ; -----------------------
   515                                  ; Terminal Input / Output
   516                                  ; -----------------------
   517                                  
   518                                  ; accept - ( addr len -- len2 ) read a string from the terminal
   519                                  ; accept reads a string of characters from the terminal. The string
   520                                  ; is stored at addr and can be up to len characters long.
   521                                  ; accept returns the actual length of the string.
   522                                          primitive 'accept',accept
   133                              <1> 
   134                              <1> 
   135                              <1> 
   136                              <1> 
   137                              <1> 
   138                              <1> 
   139                              <1> 
   140                              <1> 
   141                              <1> 
   142                              <1> 
   143                              <1> 
   144                              <1> 
   145                              <1> 
   146                              <1> 
   147                              <1>  head %1,%2,%3,$+2
    39                              <2> 
    40                              <2> 
    41                              <2> 
    42                              <2> 
    43                              <2> 
    44                              <2> 
    45                              <2> 
    46                              <2> 
    47 00000197 [4B01]              <2>  %%link dw link
    48                              <2> 
    49                              <2> 
    50                              <2> 
    51                              <2> 
    52                              <2> 
    53                              <2> 
    54                              <2> 
    55                              <2> 
    56                              <2> 
    57                              <2> 
    58                              <2> 
    59                              <2> 
    60                              <2> 
    61                              <2> 
    62                              <2> 
    63                              <2> 
    64                              <2>  %define link %%link
    65                              <2> 
    66                              <2> 
    67                              <2> 
    68                              <2> 
    69                              <2> 
    70                              <2> 
    71                              <2>  %strlen %%count %1
    72                              <2> 
    73                              <2> 
    74                              <2> 
    75                              <2> 
    76                              <2> 
    77                              <2> 
    78                              <2> 
    79 00000199 06616363657074      <2>  db %3 + %%count,%1
    80                              <2> 
    81                              <2> 
    82                              <2> 
    83                              <2> 
    84                              <2> 
    85                              <2> 
    86                              <2> 
    87                              <2> 
    88                              <2> 
    89                              <2> 
    90 000001A0 [A201]              <2>  xt_ %+ %2 dw %4
    91                              <2> 
    92                              <2> 
    93                              <2> 
    94                              <2> 
    95                              <2> 
    96                              <2> 
   148                              <1> 
   149                              <1> 
   523 000001A2 5F                              pop di        ; Pop the address of the string buffer into DI.
   524 000001A3 31C9                            xor cx,cx     ; Clear the CX register.
   525 000001A5 E89E00                  acceptl call getchar  ; Do the bios call to get a chr from the keyboard.
   526 000001A8 3C08                            cmp al,8      ; See if it's a backspace (ASCII character 08h).
   527 000001AA 7513                            jne acceptn   ; If not, jump for more testing.
   528 000001AC E319                            jcxz acceptb  ; "Jump if CX=0". If the user typed a backspace but
   529                                                        ; there isn't anything in the buffer to erase, jump
   530                                                        ; to the code that'll beep at him to let him know.
   531 000001AE E89C00                          call outchar  ; User typed a backspace. Go ahead and output it.
   532 000001B1 B020                            mov al,' '    ; Then output a space to wipe out the character that
   533 000001B3 E89700                          call outchar  ; the user had just typed.
   534 000001B6 B008                            mov al,8      ; Then output another backspace to put the cursor
   535 000001B8 E89200                          call outchar  ; back into position to read another character.
   536 000001BB 49                              dec cx        ; We just deleted a character. Now we need to decrement
   537 000001BC 4F                              dec di        ; both the counter and the buffer pointer.
   538 000001BD EBE6                            jmp acceptl   ; Then go back for another character.
   539 000001BF 3C0D                    acceptn cmp al,13     ; See if the input chr is a carriage return.
   540 000001C1 7412                            je acceptz    ; If so, we're done. jump to the end of the routine.
   541 000001C3 39D9                            cmp cx,bx     ; Compare current string length to the maximum allowed.
   542 000001C5 7507                            jne accepts   ; If the string's not too long, jump.
   543 000001C7 B007                    acceptb mov al,7      ; User's input is unusable in some way. Send the
   544 000001C9 E88100                          call outchar  ; BEL chr to make a beep sound to let him know.
   545 000001CC EBD7                            jmp acceptl   ; Then go back and let him try again.
   546 000001CE AA                      accepts stosb         ; Save the input character into the buffer. Note that
   547                                                        ; this opcode automatically increments the pointer
   548                                                        ; in the DI register.
   549 000001CF 41                              inc cx        ; But we have to increment the length counter manually.
   550 000001D0 E87A00                          call outchar  ; Echo the input character back to the display.
   551 000001D3 EBD0                            jmp acceptl   ; Go back for another character.
   552 000001D5 E3F0                    acceptz jcxz acceptb  ; If the buffer is empty, beep at the user and go
   553                                                        ; back for more input.
   554 000001D7 B00D                            mov al,13     ; Send a carriage return to the display...
   555 000001D9 E87100                          call outchar  ; 
   556 000001DC B00A                            mov al,10     ; ...followed by a linefeed.
   557 000001DE E86C00                          call outchar  ; 
   558 000001E1 89CB                            mov bx,cx     ; Move the count to the top of the stack.
   559 000001E3 E909FF                          jmp next      ; 
   560                                  
   561                                  ; word - ( char -- addr ) parse the next word in the input buffer
   562                                  ; word scans the "terminal input buffer" (whose address is given by the
   563                                  ; system constant tib) for words to execute, starting at the current
   564                                  ; address stored in the input buffer pointer >in. The character on the
   565                                  ; stack when word is called is the one that the code will look for as
   566                                  ; the separator between words. 999 times out of 1000,; this is going to
   567                                  ; be a space.
   568                                          primitive 'word',word
   133                              <1> 
   134                              <1> 
   135                              <1> 
   136                              <1> 
   137                              <1> 
   138                              <1> 
   139                              <1> 
   140                              <1> 
   141                              <1> 
   142                              <1> 
   143                              <1> 
   144                              <1> 
   145                              <1> 
   146                              <1> 
   147                              <1>  head %1,%2,%3,$+2
    39                              <2> 
    40                              <2> 
    41                              <2> 
    42                              <2> 
    43                              <2> 
    44                              <2> 
    45                              <2> 
    46                              <2> 
    47 000001E6 [9701]              <2>  %%link dw link
    48                              <2> 
    49                              <2> 
    50                              <2> 
    51                              <2> 
    52                              <2> 
    53                              <2> 
    54                              <2> 
    55                              <2> 
    56                              <2> 
    57                              <2> 
    58                              <2> 
    59                              <2> 
    60                              <2> 
    61                              <2> 
    62                              <2> 
    63                              <2> 
    64                              <2>  %define link %%link
    65                              <2> 
    66                              <2> 
    67                              <2> 
    68                              <2> 
    69                              <2> 
    70                              <2> 
    71                              <2>  %strlen %%count %1
    72                              <2> 
    73                              <2> 
    74                              <2> 
    75                              <2> 
    76                              <2> 
    77                              <2> 
    78                              <2> 
    79 000001E8 04776F7264          <2>  db %3 + %%count,%1
    80                              <2> 
    81                              <2> 
    82                              <2> 
    83                              <2> 
    84                              <2> 
    85                              <2> 
    86                              <2> 
    87                              <2> 
    88                              <2> 
    89                              <2> 
    90 000001ED [EF01]              <2>  xt_ %+ %2 dw %4
    91                              <2> 
    92                              <2> 
    93                              <2> 
    94                              <2> 
    95                              <2> 
    96                              <2> 
   148                              <1> 
   149                              <1> 
   569 000001EF 8B3E[2A00]                      mov di,word[val_dp]           ; Load the dictionary pointer into DI.
   570                                                                        ; This is going to be the address that
   571                                                                        ; we copy the input word to. For the
   572                                                                        ; sake of tradition, let's call this
   573                                                                        ; scratchpad area the "pad".
   574 000001F3 57                              push di                       ; Save the pad pointer to the stack.
   575 000001F4 89DA                            mov dx,bx                     ; Copy the word separator to DX.
   576 000001F6 8B1E[4A00]                      mov bx,word[val_t_i_b]        ; Load the address of the input buffer
   577 000001FA 89D9                            mov cx,bx                     ; into BX, and save a copy to CX.
   578 000001FC 031E[1600]                      add bx,word[val_to_in]        ; Add the value of >in to the address
   579                                                                        ; of tib to get a pointer into the
   580                                                                        ; buffer.
   581 00000200 030E[2100]                      add cx,word[val_number_t_i_b] ; Add the value of #tib to the address
   582                                                                        ; of tib to get a pointer to the last
   583                                                                        ; chr in the input buffer.
   584 00000204 39D9                    wordf   cmp cx,bx                     ; Compare the current buffer pointer to
   585                                                                        ; the end-of-buffer pointer.
   586 00000206 7415                            je wordz                      ; If we've reached the end, jump.
   587 00000208 8A07                            mov al,byte[bx]               ; Get the next chr from the buffer
   588 0000020A 43                              inc bx                        ; and increment the pointer.
   589 0000020B 38D0                            cmp al,dl                     ; See if it's the separator.
   590 0000020D 74F5                            je wordf                      ; If so, jump.
   591 0000020F 47                      wordc   inc di                        ; Increment our pad pointer. Note that
   592                                                                        ; if this is our first time through the
   593                                                                        ; routine, we're incrementing to the
   594                                                                        ; 2nd address in the pad, leaving the
   595                                                                        ; first byte of it empty.
   596 00000210 8805                            mov byte[di],al               ; Write the new chr to the pad.
   597 00000212 39D9                            cmp cx,bx                     ; Have we reached the end of the
   598                                                                        ; input buffer?
   599 00000214 7407                            je wordz                      ; If so, jump.
   600 00000216 8A07                            mov al,byte[bx]               ; Get another byte from the input
   601 00000218 43                              inc bx                        ; buffer and increment the pointer.
   602 00000219 38D0                            cmp al,dl                     ; Is the new chr a separator?
   603 0000021B 75F2                            jne wordc                     ; If not, go back for more.
   604 0000021D C6450120                wordz   mov byte[di+1],32             ; Write a space at the end of the text
   605                                                                        ; we've written so far to the pad.
   606 00000221 A1[2A00]                        mov ax,word[val_dp]           ; Load the address of the pad into AX.
   607 00000224 97                              xchg ax,di                    ; Swap the pad address with the pad
   608 00000225 29F8                            sub ax,di                     ; pointer then subtract to get the
   609                                                                        ; length of the text in the pad.
   610                                                                        ; The result goes into AX, leaving the
   611                                                                        ; pad address in DI.
   612 00000227 8805                            mov byte[di],al               ; Save the length byte into the first
   613                                                                        ; byte of the pad.
   614 00000229 2B1E[4A00]                      sub bx,word[val_t_i_b]        ; Subtract the base address of the
   615                                                                        ; input buffer from the pointer value
   616                                                                        ; to get the new value of >in...
   617 0000022D 891E[1600]                      mov word[val_to_in],bx        ; ...then save it to its variable.
   618 00000231 5B                              pop bx                        ; Pop the value of the pad address
   619                                                                        ; that we saved earlier back out to
   620                                                                        ; the top of the stack as our return
   621                                                                        ; value.
   622 00000232 E9BAFE                          jmp next
   623                                  
   624                                  ; emit - ( char -- ) display char on the terminal
   625                                          primitive 'emit',emit
   133                              <1> 
   134                              <1> 
   135                              <1> 
   136                              <1> 
   137                              <1> 
   138                              <1> 
   139                              <1> 
   140                              <1> 
   141                              <1> 
   142                              <1> 
   143                              <1> 
   144                              <1> 
   145                              <1> 
   146                              <1> 
   147                              <1>  head %1,%2,%3,$+2
    39                              <2> 
    40                              <2> 
    41                              <2> 
    42                              <2> 
    43                              <2> 
    44                              <2> 
    45                              <2> 
    46                              <2> 
    47 00000235 [E601]              <2>  %%link dw link
    48                              <2> 
    49                              <2> 
    50                              <2> 
    51                              <2> 
    52                              <2> 
    53                              <2> 
    54                              <2> 
    55                              <2> 
    56                              <2> 
    57                              <2> 
    58                              <2> 
    59                              <2> 
    60                              <2> 
    61                              <2> 
    62                              <2> 
    63                              <2> 
    64                              <2>  %define link %%link
    65                              <2> 
    66                              <2> 
    67                              <2> 
    68                              <2> 
    69                              <2> 
    70                              <2> 
    71                              <2>  %strlen %%count %1
    72                              <2> 
    73                              <2> 
    74                              <2> 
    75                              <2> 
    76                              <2> 
    77                              <2> 
    78                              <2> 
    79 00000237 04656D6974          <2>  db %3 + %%count,%1
    80                              <2> 
    81                              <2> 
    82                              <2> 
    83                              <2> 
    84                              <2> 
    85                              <2> 
    86                              <2> 
    87                              <2> 
    88                              <2> 
    89                              <2> 
    90 0000023C [3E02]              <2>  xt_ %+ %2 dw %4
    91                              <2> 
    92                              <2> 
    93                              <2> 
    94                              <2> 
    95                              <2> 
    96                              <2> 
   148                              <1> 
   149                              <1> 
   626 0000023E 93                              xchg ax,bx    ; Move our output character to the AX register.
   627 0000023F E80B00                          call outchar  ; Send it to the display.
   628 00000242 5B                              pop bx        ; Pop the argument off the stack.
   629 00000243 E9A9FE                          jmp next
   630                                  
   631 00000246 B407                    getchar mov ah,7  ; This headerless routine does an MS-DOS Int 21h call,
   632 00000248 CD21                            int 021h  ; reading a character from the standard input device into
   633 0000024A B400                            mov ah,0  ; the AL register. We start out by putting a 7 into AH to
   634 0000024C C3                              ret       ; identify the function we want to perform. The character
   635                                                    ; gets returned in AL, and then we manually clear out
   636                                                    ; AH so that we can have a 16-bit result in AX.
   637                                  
   638 0000024D 92                      outchar xchg ax,dx  ; This headerless routine does an MS-DOS Int 21h call,
   639 0000024E B402                            mov ah,2    ; sending a character in the DL register to the standard
   640 00000250 CD21                            int 021h    ; output device. The 2 in the AH register identifies what
   641 00000252 C3                              ret         ; function we want to perform.
   642                                  
   643                                  ; -----------------------
   644                                  ; Dictionary Search
   645                                  ; -----------------------
   646                                  
   647                                  ; find - ( addr -- addr2 flag ) look up word in the dictionary
   648                                  ; find looks in the Forth dictionary for a word with the name given in the
   649                                  ; counted string at addr. One of the following will be returned:
   650                                  ;   flag =  0, addr2 = counted string --> word was not found
   651                                  ;   flag =  1, addr2 = call address   --> word is immediate
   652                                  ;   flag = -1, addr2 = call address   --> word is not immediate
   653                                          primitive 'find',find
   133                              <1> 
   134                              <1> 
   135                              <1> 
   136                              <1> 
   137                              <1> 
   138                              <1> 
   139                              <1> 
   140                              <1> 
   141                              <1> 
   142                              <1> 
   143                              <1> 
   144                              <1> 
   145                              <1> 
   146                              <1> 
   147                              <1>  head %1,%2,%3,$+2
    39                              <2> 
    40                              <2> 
    41                              <2> 
    42                              <2> 
    43                              <2> 
    44                              <2> 
    45                              <2> 
    46                              <2> 
    47 00000253 [3502]              <2>  %%link dw link
    48                              <2> 
    49                              <2> 
    50                              <2> 
    51                              <2> 
    52                              <2> 
    53                              <2> 
    54                              <2> 
    55                              <2> 
    56                              <2> 
    57                              <2> 
    58                              <2> 
    59                              <2> 
    60                              <2> 
    61                              <2> 
    62                              <2> 
    63                              <2> 
    64                              <2>  %define link %%link
    65                              <2> 
    66                              <2> 
    67                              <2> 
    68                              <2> 
    69                              <2> 
    70                              <2> 
    71                              <2>  %strlen %%count %1
    72                              <2> 
    73                              <2> 
    74                              <2> 
    75                              <2> 
    76                              <2> 
    77                              <2> 
    78                              <2> 
    79 00000255 0466696E64          <2>  db %3 + %%count,%1
    80                              <2> 
    81                              <2> 
    82                              <2> 
    83                              <2> 
    84                              <2> 
    85                              <2> 
    86                              <2> 
    87                              <2> 
    88                              <2> 
    89                              <2> 
    90 0000025A [5C02]              <2>  xt_ %+ %2 dw %4
    91                              <2> 
    92                              <2> 
    93                              <2> 
    94                              <2> 
    95                              <2> 
    96                              <2> 
   148                              <1> 
   149                              <1> 
   654 0000025C BF[4000]                        mov di,val_last    ; Get the address of the link field of the last
   655                                                             ; word in the dictionary. Put it in DI.
   656 0000025F 57                      findl   push di            ; Save the link field pointer.
   657 00000260 53                              push bx            ; Save the address of the name we're looking for.
   658 00000261 8A0F                            mov cl,byte[bx]    ; Copy the length of the string into CL
   659 00000263 B500                            mov ch,0           ; Clear CH to make a 16 bit counter.
   660 00000265 41                              inc cx             ; Increment the counter.
   661 00000266 8A4502                  findc   mov al,byte[di+2]  ; Get the length byte of whatever word in the
   662                                                             ; dictionary we're currently looking at.
   663 00000269 247F                            and al,07Fh        ; Mask off the immediate bit.
   664 0000026B 3A07                            cmp al,byte[bx]    ; Compare it with the length of the string.
   665 0000026D 740E                            je findm           ; If they're the same, jump.
   666 0000026F 5B                              pop bx             ; Nope, can't be the same if the lengths are
   667 00000270 5F                              pop di             ; different. Pop the saved values back to regs.
   668 00000271 8B3D                            mov di,word[di]    ; Get the next link address.
   669 00000273 85FF                            test di,di         ; See if it's zero. If it's not, then we've not
   670 00000275 75E8                            jne findl          ; hit the end of the dictionary yet. Then jump
   671                                                             ; back and check the next word in the dictionary.
   672 00000277 53                      findnf  push bx            ; End of dictionary. Word wasn't found. Push the
   673                                                             ; string address to the stack.
   674 00000278 31DB                            xor bx,bx          ; Clear the BX register (make a "false" flag).
   675 0000027A E972FE                          jmp next           ; Return to caller.
   676 0000027D 47                      findm   inc di             ; The lengths match, but do the chrs? Increment
   677                                                             ; the link field pointer. (That may sound weird,
   678                                                             ; especially on the first time through this loop.
   679                                                             ; But remember that, earlier in the loop, we
   680                                                             ; loaded the length byte out the dictionary by an
   681                                                             ; indirect reference to DI+2. We'll do that again
   682                                                             ; in a moment, so what in effect we're actually
   683                                                             ; doing here is incrementing what's now going to
   684                                                             ; be treated as a string pointer for the name in
   685                                                             ; the dictionary as we compare the characters
   686                                                             ; in the strings.)
   687 0000027E 43                              inc bx             ; Increment the pointer to the string we're
   688                                                             ; checking.
   689 0000027F E2E5                            loop findc         ; Decrements the counter in CX and, if it's not
   690                                                             ; zero yet, loops back. The same code that started
   691                                                             ; out comparing the length bytes will go through
   692                                                             ; and compare the characters in the string with
   693                                                             ; the chrs in the dictionary name we're pointing
   694                                                             ; at.
   695 00000281 5B                              pop bx             ; If we got here, then the strings match. The
   696                                                             ; word is in the dictionary. Pop the string's
   697                                                             ; starting address and throw it away. We don't
   698                                                             ; need it now that we know we're looking at a
   699                                                             ; defined word.
   700 00000282 5F                              pop di             ; Restore the link field address for the dictionary
   701                                                             ; word whose name we just looked at.
   702 00000283 BB0100                          mov bx,1           ; Put a 1 at the top of the stack.
   703 00000286 47                              inc di             ; Increment the pointer past the link field to the
   704 00000287 47                              inc di             ; name field.
   705 00000288 8A05                            mov al,byte[di]    ; Get the length of the word's name.
   706 0000028A A880                            test al,080h       ; See if it's an immediate.
   707 0000028C 7502                            jne findi          ; "test" basically performs an AND without
   708                                                             ; actually changing the register. If the
   709                                                             ; immediate bit is set, we'll have a non-zero
   710                                                             ; result and we'll skip the next instruction,
   711                                                             ; leaving a 1 in BX to represent that we found
   712                                                             ; an immediate word.
   713 0000028E F7DB                            neg bx             ; But if it's not an immediate word, we fall
   714                                                             ; through and generate a -1 instead to get the
   715                                                             ; flag for a non-immediate word.
   716 00000290 83E01F                  findi   and ax,31          ; Mask off all but the valid part of the name's
   717                                                             ; length byte.
   718 00000293 01C7                            add di,ax          ; Add the length to the name field address then
   719 00000295 47                              inc di             ; add 1 to get the address of the code field.
   720 00000296 57                              push di            ; Push the CFA onto the stack.
   721 00000297 E955FE                          jmp next           ; We're done.
   722                                  
   723                                  ; -----------------------
   724                                  ; Colon Definition
   725                                  ; -----------------------
   726                                  
   727                                  ; : - ( -- ) define a new Forth word, taking the name from the input buffer.
   728                                  ; Ah! We've finally found a word that's actually defined as a Forth colon
   729                                  ; definition rather than an assembly language routine! Partly, anyway; the
   730                                  ; first part is Forth code, but the end is the assembly language run-time
   731                                  ; routine that, incidentally, executes Forth colon definitions. Notice that
   732                                  ; the first part is not a sequence of opcodes, but rather is a list of
   733                                  ; code field addresses for the words used in the definition. In each code
   734                                  ; field of each defined word is an "execution tag", or "xt", a pointer to
   735                                  ; the runtime code that executes the word. In a Forth colon definition, this
   736                                  ; is going to be a pointer to the docolon routine we see in the second part
   737                                  ; of the definition of colon itself below.
   738                                          colon ':',colon
   159                              <1> 
   160                              <1> 
   161                              <1>  head %1,%2,%3,docolon
    39                              <2> 
    40                              <2> 
    41                              <2> 
    42                              <2> 
    43                              <2> 
    44                              <2> 
    45                              <2> 
    46                              <2> 
    47 0000029A [5302]              <2>  %%link dw link
    48                              <2> 
    49                              <2> 
    50                              <2> 
    51                              <2> 
    52                              <2> 
    53                              <2> 
    54                              <2> 
    55                              <2> 
    56                              <2> 
    57                              <2> 
    58                              <2> 
    59                              <2> 
    60                              <2> 
    61                              <2> 
    62                              <2> 
    63                              <2> 
    64                              <2>  %define link %%link
    65                              <2> 
    66                              <2> 
    67                              <2> 
    68                              <2> 
    69                              <2> 
    70                              <2> 
    71                              <2>  %strlen %%count %1
    72                              <2> 
    73                              <2> 
    74                              <2> 
    75                              <2> 
    76                              <2> 
    77                              <2> 
    78                              <2> 
    79 0000029C 013A                <2>  db %3 + %%count,%1
    80                              <2> 
    81                              <2> 
    82                              <2> 
    83                              <2> 
    84                              <2> 
    85                              <2> 
    86                              <2> 
    87                              <2> 
    88                              <2> 
    89                              <2> 
    90 0000029E [AC02]              <2>  xt_ %+ %2 dw %4
    91                              <2> 
    92                              <2> 
    93                              <2> 
    94                              <2> 
    95                              <2> 
    96                              <2> 
   162                              <1> 
   163                              <1> 
   739 000002A0 [8400]FFFF                      dw xt_lit,-1       ; If you write a Forth routine where you put an
   740                                                             ; integer number right in the code, such as the
   741                                                             ; 2 in the phrase, "dp @ 2 +", lit is the name
   742                                                             ; of the routine that's called at runtime to put
   743                                                             ; that integer on the stack. Here, lit pushes
   744                                                             ; the -1 stored immediately after it onto the
   745                                                             ; stack.
   746 000002A4 [0A00]                          dw xt_state        ; The runtime code for a variable leaves its
   747                                                             ; address on the stack. The address of state,
   748                                                             ; in this case.
   749 000002A6 [E800]                          dw xt_store        ; Store that -1 into state to tell the system
   750                                                             ; that we're switching from interpret mode into
   751                                                             ; compile mode. Other than creating the header,
   752                                                             ; colon doesn't actually compile the words into
   753                                                             ; the new word. That task is performed in
   754                                                             ; interpret, but it needs this new value stored
   755                                                             ; into state to tell it to do so.
   756 000002A8 [D602]                          dw xt_create       ; Now we call the word that's going to create the
   757                                                             ; header for the new colon definition we're going
   758                                                             ; to compile.
   759 000002AA [0D03]                          dw xt_do_semi_code ; Write, into the code field of the header we just
   760                                                             ; created, the address that immediately follows
   761                                                             ; this statement: the address of the docolon
   762                                                             ; routine, which is the code that's responsible
   763                                                             ; for executing the colon definition we're
   764                                                             ; creating.
   765 000002AC 4D                      docolon dec bp             ; Here's the runtime code for colon words.
   766 000002AD 4D                              dec bp             ; Basically, what docolon does is similar to
   767                                                             ; calling a subroutine, in that we have to push
   768                                                             ; the return address to the stack. Since the 80x86
   769                                                             ; doesn't directly support more than one stack and
   770                                                             ; the "real" stack is used for data, we have to
   771                                                             ; operate the Forth virtual machine's return stack
   772                                                             ; manually. So, first, we manually decrement the
   773                                                             ; return stack pointer twice to point to where
   774                                                             ; we're going to save the return address.
   775 000002AE 897600                          mov word[bp],si    ; Then we write that address directly from the
   776                                                             ; instruction pointer to that location.
   777 000002B1 8D7502                          lea si,[di+2]      ; We now have to tell Forth to start running the
   778                                                             ; words in the colon definition we just started.
   779                                                             ; The value in DI was left pointing at the code
   780                                                             ; field of the word that we just started that just
   781                                                             ; jumped into docolon. By loading into the
   782                                                             ; instruction pointer the value that's 2 bytes
   783                                                             ; later, at the start of the data field, we're
   784                                                             ; loading into the IP the address of the first
   785                                                             ; word in that definition. Execution of the other
   786                                                             ; words in that definition will occur in sequence
   787                                                             ; from here on.
   788 000002B4 E938FE                          jmp next           ; Now that we're pointing to the correct
   789                                                             ; instruction, go do it.
   790                                  
   791                                  ; ; - ( -- ) complete the Forth word being compiled
   792                                          colon ';',semicolon,immediate
   159                              <1> 
   160                              <1> 
   161                              <1>  head %1,%2,%3,docolon
    39                              <2> 
    40                              <2> 
    41                              <2> 
    42                              <2> 
    43                              <2> 
    44                              <2> 
    45                              <2> 
    46                              <2> 
    47 000002B7 [9A02]              <2>  %%link dw link
    48                              <2> 
    49                              <2> 
    50                              <2> 
    51                              <2> 
    52                              <2> 
    53                              <2> 
    54                              <2> 
    55                              <2> 
    56                              <2> 
    57                              <2> 
    58                              <2> 
    59                              <2> 
    60                              <2> 
    61                              <2> 
    62                              <2> 
    63                              <2> 
    64                              <2>  %define link %%link
    65                              <2> 
    66                              <2> 
    67                              <2> 
    68                              <2> 
    69                              <2> 
    70                              <2> 
    71                              <2>  %strlen %%count %1
    72                              <2> 
    73                              <2> 
    74                              <2> 
    75                              <2> 
    76                              <2> 
    77                              <2> 
    78                              <2> 
    79 000002B9 813B                <2>  db %3 + %%count,%1
    80                              <2> 
    81                              <2> 
    82                              <2> 
    83                              <2> 
    84                              <2> 
    85                              <2> 
    86                              <2> 
    87                              <2> 
    88                              <2> 
    89                              <2> 
    90 000002BB [AC02]              <2>  xt_ %+ %2 dw %4
    91                              <2> 
    92                              <2> 
    93                              <2> 
    94                              <2> 
    95                              <2> 
    96                              <2> 
   162                              <1> 
   163                              <1> 
   793                                                             ; Note above that ; is immediate, the first such
   794                                                             ; word we've seen here. It needs to be so because
   795                                                             ; it's used only during the compilation of a colon
   796                                                             ; definition and we want it to execute rather than
   797                                                             ; just being stored in the definition.
   798 000002BD [8400][2F01]                    dw xt_lit,xt_exit  ; Put the address of the code field of exit onto
   799                                                             ; the stack.
   800 000002C1 [6F00]                          dw xt_comma        ; Store it into the dictionary.
   801 000002C3 [8400]0000                      dw xt_lit,0        ; Now put a zero on the stack...
   802 000002C7 [0A00]                          dw xt_state        ; along with the address of the state variable.
   803 000002C9 [E800]                          dw xt_store        ; Store the 0 into state to indicate that we're
   804                                                             ; done compiling a word and are now back into
   805                                                             ; interpret mode.
   806 000002CB [2F01]                          dw xt_exit         ; exit is the routine that finishes up the
   807                                                             ; execution of a colon definition and jumps to
   808                                                             ; next in order to start execution of the next
   809                                                             ; word.
   810                                  
   811                                  ; -----------------------
   812                                  ; Headers
   813                                  ; -----------------------
   814                                  
   815                                  ; create - ( -- ) build a header for a new word in the dictionary, taking
   816                                  ; the name from the input buffer
   817                                          colon 'create',create
   159                              <1> 
   160                              <1> 
   161                              <1>  head %1,%2,%3,docolon
    39                              <2> 
    40                              <2> 
    41                              <2> 
    42                              <2> 
    43                              <2> 
    44                              <2> 
    45                              <2> 
    46                              <2> 
    47 000002CD [B702]              <2>  %%link dw link
    48                              <2> 
    49                              <2> 
    50                              <2> 
    51                              <2> 
    52                              <2> 
    53                              <2> 
    54                              <2> 
    55                              <2> 
    56                              <2> 
    57                              <2> 
    58                              <2> 
    59                              <2> 
    60                              <2> 
    61                              <2> 
    62                              <2> 
    63                              <2> 
    64                              <2>  %define link %%link
    65                              <2> 
    66                              <2> 
    67                              <2> 
    68                              <2> 
    69                              <2> 
    70                              <2> 
    71                              <2>  %strlen %%count %1
    72                              <2> 
    73                              <2> 
    74                              <2> 
    75                              <2> 
    76                              <2> 
    77                              <2> 
    78                              <2> 
    79 000002CF 06637265617465      <2>  db %3 + %%count,%1
    80                              <2> 
    81                              <2> 
    82                              <2> 
    83                              <2> 
    84                              <2> 
    85                              <2> 
    86                              <2> 
    87                              <2> 
    88                              <2> 
    89                              <2> 
    90 000002D6 [AC02]              <2>  xt_ %+ %2 dw %4
    91                              <2> 
    92                              <2> 
    93                              <2> 
    94                              <2> 
    95                              <2> 
    96                              <2> 
   162                              <1> 
   163                              <1> 
   818 000002D8 [2800][DE00]                    dw xt_dp,xt_fetch   ; Get the current dictionary pointer.
   819 000002DC [3E00][DE00]                    dw xt_last,xt_fetch ; Get the LFA of the last word in the dictionary.
   820 000002E0 [6F00]                          dw xt_comma         ; Save the value of last at the current point in
   821                                                              ; the dictionary to become the link field for
   822                                                              ; the header we're creating. Remember that comma
   823                                                              ; automatically increments the value of dp.
   824 000002E2 [3E00][E800]                    dw xt_last,xt_store ; Save the address of the link field we just
   825                                                              ; created as the new value of last.
   826 000002E6 [8400]2000                      dw xt_lit,32        ; Parse the input buffer for the name of the
   827 000002EA [ED01]                          dw xt_word          ; word we're creating, using a space for the
   828                                                              ; separation character when we invoke word.
   829                                                              ; Remember that word copies the parsed name
   830                                                              ; as a counted string to the location pointed
   831                                                              ; to by dp, which not coincidentally is
   832                                                              ; exactly what and where we need it for the
   833                                                              ; header we're creating.
   834 000002EC [4001]                          dw xt_count         ; Get the address of the first character of the
   835                                                              ; word's name, and the name's length.
   836 000002EE [C300]                          dw xt_plus          ; Add the length to the address to get the addr
   837                                                              ; of the first byte after the name, then store
   838 000002F0 [2800][E800]                    dw xt_dp,xt_store   ; that address as the new value of dp.
   839 000002F4 [8400]0000                      dw xt_lit,0         ; Put a 0 on the stack, and store it as a dummy
   840 000002F8 [6F00]                          dw xt_comma         ; placeholder in the new header's CFA.
   841 000002FA [0D03]                          dw xt_do_semi_code  ; Write, into the code field of the header we just
   842                                                              ; created, the address that immediately follows
   843                                                              ; this statement: the address of the dovar
   844                                                              ; routine, which is the code that's responsible
   845                                                              ; for pushing onto the stack the data field
   846                                                              ; address of the word whose header we just
   847                                                              ; created when it's executed.
   848 000002FC 53                      dovar   push bx             ; Push the stack to make room for the new value
   849                                                              ; we're about to put on top.
   850 000002FD 8D5D02                          lea bx,[di+2]       ; This opcode loads into bx whatever two plus the
   851                                                              ; value of the contents of DI might be, as opposed
   852                                                              ; to a "mov bx,[di+2]", which would move into BX
   853                                                              ; the value stored in memory at that location.
   854                                                              ; What we're actually doing here is calculating
   855                                                              ; the address of the data field that follows
   856                                                              ; this header so we can leave it on the stack.
   857 00000300 E9ECFD                          jmp next            ; 
   858                                  
   859                                  ; # (;code) - ( -- ) replace the xt of the word being defined with a pointer
   860                                  ; to the code immediately following (;code)
   861                                  ; The idea behind this compiler word is that you may have a word that does
   862                                  ; various compiling/accounting tasks that are defined in terms of Forth code
   863                                  ; when its being used to compile another word, but afterward, when the new
   864                                  ; word is executed in interpreter mode, you want your compiling word to do
   865                                  ; something else that needs to be coded in assembly. (;code) is the word that
   866                                  ; says, "Okay, that's what you do when you're compiling, but THIS is what
   867                                  ; you're going to do while executing, so look sharp, it's in assembly!"
   868                                  ; Somewhat like the word DOES>, which is used in a similar manner to define
   869                                  ; run-time code in terms of Forth words.
   870                                          primitive '(;code)',do_semi_code
   133                              <1> 
   134                              <1> 
   135                              <1> 
   136                              <1> 
   137                              <1> 
   138                              <1> 
   139                              <1> 
   140                              <1> 
   141                              <1> 
   142                              <1> 
   143                              <1> 
   144                              <1> 
   145                              <1> 
   146                              <1> 
   147                              <1>  head %1,%2,%3,$+2
    39                              <2> 
    40                              <2> 
    41                              <2> 
    42                              <2> 
    43                              <2> 
    44                              <2> 
    45                              <2> 
    46                              <2> 
    47 00000303 [CD02]              <2>  %%link dw link
    48                              <2> 
    49                              <2> 
    50                              <2> 
    51                              <2> 
    52                              <2> 
    53                              <2> 
    54                              <2> 
    55                              <2> 
    56                              <2> 
    57                              <2> 
    58                              <2> 
    59                              <2> 
    60                              <2> 
    61                              <2> 
    62                              <2> 
    63                              <2> 
    64                              <2>  %define link %%link
    65                              <2> 
    66                              <2> 
    67                              <2> 
    68                              <2> 
    69                              <2> 
    70                              <2> 
    71                              <2>  %strlen %%count %1
    72                              <2> 
    73                              <2> 
    74                              <2> 
    75                              <2> 
    76                              <2> 
    77                              <2> 
    78                              <2> 
    79 00000305 07283B636F646529    <2>  db %3 + %%count,%1
    80                              <2> 
    81                              <2> 
    82                              <2> 
    83                              <2> 
    84                              <2> 
    85                              <2> 
    86                              <2> 
    87                              <2> 
    88                              <2> 
    89                              <2> 
    90 0000030D [0F03]              <2>  xt_ %+ %2 dw %4
    91                              <2> 
    92                              <2> 
    93                              <2> 
    94                              <2> 
    95                              <2> 
    96                              <2> 
   148                              <1> 
   149                              <1> 
   871 0000030F 8B3E[4000]                      mov di,word[val_last] ; Get the LFA of the last word in dictionary
   872                                                                ; (i.e. the word we're currently in the middle
   873                                                                ; of compiling) and put it in DI. 
   874 00000313 8A4502                          mov al,byte[di+2]     ; Get the length byte from the name field.
   875 00000316 83E01F                          and ax,31             ; Mask off the immediate bit and leave only
   876                                                                ; the 5-bit integer length.
   877 00000319 01C7                            add di,ax             ; Add the length to the pointer. If we add 3
   878                                                                ; to the value in DI at this point, we'll
   879                                                                ; have a pointer to the code field.
   880 0000031B 897503                          mov word[di+3],si     ; Store the current value of the instruction
   881                                                                ; pointer into the code field. That value is
   882                                                                ; going to point to whatever follows (;code) in
   883                                                                ; the word being compiled, which in the case
   884                                                                ; of (;code) had better be assembly code.
   885 0000031E 8B7600                          mov si,word[bp]       ; Okay, we just did something funky with the
   886                                                                ; instruction pointer; now we have to fix it.
   887                                                                ; Directly load into the instruction pointer
   888                                                                ; the value that's currently at the top of
   889                                                                ; the return stack.
   890 00000321 45                              inc bp                ; Then manually increment the return stack
   891 00000322 45                              inc bp                ; pointer.
   892 00000323 E9C9FD                          jmp next              ; Done. Go do another word.
   893                                  
   894                                  ; -----------------------
   895                                  ; Constants
   896                                  ; -----------------------
   897                                  
   898                                  ; constant - ( x -- ) create a new constant with the value x, taking the name
   899                                  ; from the input buffer
   900                                          colon 'constant',constant
   159                              <1> 
   160                              <1> 
   161                              <1>  head %1,%2,%3,docolon
    39                              <2> 
    40                              <2> 
    41                              <2> 
    42                              <2> 
    43                              <2> 
    44                              <2> 
    45                              <2> 
    46                              <2> 
    47 00000326 [0303]              <2>  %%link dw link
    48                              <2> 
    49                              <2> 
    50                              <2> 
    51                              <2> 
    52                              <2> 
    53                              <2> 
    54                              <2> 
    55                              <2> 
    56                              <2> 
    57                              <2> 
    58                              <2> 
    59                              <2> 
    60                              <2> 
    61                              <2> 
    62                              <2> 
    63                              <2> 
    64                              <2>  %define link %%link
    65                              <2> 
    66                              <2> 
    67                              <2> 
    68                              <2> 
    69                              <2> 
    70                              <2> 
    71                              <2>  %strlen %%count %1
    72                              <2> 
    73                              <2> 
    74                              <2> 
    75                              <2> 
    76                              <2> 
    77                              <2> 
    78                              <2> 
    79 00000328 08636F6E7374616E74  <2>  db %3 + %%count,%1
    80                              <2> 
    81                              <2> 
    82                              <2> 
    83                              <2> 
    84                              <2> 
    85                              <2> 
    86                              <2> 
    87                              <2> 
    88                              <2> 
    89                              <2> 
    90 00000331 [AC02]              <2>  xt_ %+ %2 dw %4
    91                              <2> 
    92                              <2> 
    93                              <2> 
    94                              <2> 
    95                              <2> 
    96                              <2> 
   162                              <1> 
   163                              <1> 
   901 00000333 [D602]                          dw xt_create       ; Create the constant's header.
   902 00000335 [6F00]                          dw xt_comma        ; Store the constant's value into the word's
   903                                                             ; data field.
   904 00000337 [0D03]                          dw xt_do_semi_code ; Write, into the code field of the header we just
   905                                                             ; created, the address that immediately follows
   906                                                             ; this statement: the address of the doconst
   907                                                             ; routine, which is the code that's responsible
   908                                                             ; for pushing onto the stack the value that's
   909                                                             ; contained in the data field of the word whose
   910                                                             ; header we just created when that word is
   911                                                             ; invoked.
   912 00000339 53                      doconst push bx            ; Push the stack down.
   913 0000033A 8B5D02                          mov bx,word[di+2]  ; DI should be pointing to the constant's code
   914                                                             ; field. Load into the top of the stack the
   915                                                             ; value 2 bytes further down from the code field,
   916                                                             ; i.e. the constant's actual value.
   917 0000033D E9AFFD                          jmp next           ; 
   918                                  
   919                                  
   920                                  ; -----------------------
   921                                  ; Outer Interpreter
   922                                  ; -----------------------
   923                                  
   924                                  ; -------------------------------------------------------
   925                                  ; NOTE! The following line with the final: label MUST be
   926                                  ; immediately before the final word definition!
   927                                  ; -------------------------------------------------------
   928                                  
   929                                  final:
   930                                  
   931                                          colon 'interpret',interpret
   159                              <1> 
   160                              <1> 
   161                              <1>  head %1,%2,%3,docolon
    39                              <2> 
    40                              <2> 
    41                              <2> 
    42                              <2> 
    43                              <2> 
    44                              <2> 
    45                              <2> 
    46                              <2> 
    47 00000340 [2603]              <2>  %%link dw link
    48                              <2> 
    49                              <2> 
    50                              <2> 
    51                              <2> 
    52                              <2> 
    53                              <2> 
    54                              <2> 
    55                              <2> 
    56                              <2> 
    57                              <2> 
    58                              <2> 
    59                              <2> 
    60                              <2> 
    61                              <2> 
    62                              <2> 
    63                              <2> 
    64                              <2>  %define link %%link
    65                              <2> 
    66                              <2> 
    67                              <2> 
    68                              <2> 
    69                              <2> 
    70                              <2> 
    71                              <2>  %strlen %%count %1
    72                              <2> 
    73                              <2> 
    74                              <2> 
    75                              <2> 
    76                              <2> 
    77                              <2> 
    78                              <2> 
    79 00000342 09696E746572707265- <2>  db %3 + %%count,%1
    79 0000034B 74                  <2>
    80                              <2> 
    81                              <2> 
    82                              <2> 
    83                              <2> 
    84                              <2> 
    85                              <2> 
    86                              <2> 
    87                              <2> 
    88                              <2> 
    89                              <2> 
    90 0000034C [AC02]              <2>  xt_ %+ %2 dw %4
    91                              <2> 
    92                              <2> 
    93                              <2> 
    94                              <2> 
    95                              <2> 
    96                              <2> 
   162                              <1> 
   163                              <1> 
   932 0000034E [1F00]                  interpt dw xt_number_t_i_b  ; Get the number of characters in the input
   933 00000350 [DE00]                          dw xt_fetch         ; buffer.
   934 00000352 [1400]                          dw xt_to_in         ; Get the index into the input buffer.
   935 00000354 [DE00]                          dw xt_fetch         ; 
   936 00000356 [CE00]                          dw xt_equals        ; See if they're the same.
   937 00000358 [FD00]                          dw xt_zero_branch   ; If not, it means there's still some text in
   938 0000035A [7003]                          dw intpar           ; the buffer. Go process it.
   939 0000035C [4800]                          dw xt_t_i_b         ; if #tib = >in, we're out of text and need to
   940 0000035E [8400]                          dw xt_lit           ; read some more. Put a 50 on the stack to tell
   941 00000360 3200                            dw 50               ; accept to read up to 50 more characters.
   942 00000362 [A001]                          dw xt_accept        ; Go get more input.
   943 00000364 [1F00]                          dw xt_number_t_i_b  ; Store into #tib the actual number of characters
   944 00000366 [E800]                          dw xt_store         ; that accept read.
   945 00000368 [8400]                          dw xt_lit           ; Reposition >in to index the 0th byte in the
   946 0000036A 0000                            dw 0                ; input buffer.
   947 0000036C [1400]                          dw xt_to_in         ; 
   948 0000036E [E800]                          dw xt_store         ; 
   949 00000370 [8400]                  intpar  dw xt_lit           ; Put a 32 on the stack to represent an ASCII
   950 00000372 2000                            dw 32               ; space character. Then tell word to scan the
   951 00000374 [ED01]                          dw xt_word          ; buffer looking for that character.
   952 00000376 [5A02]                          dw xt_find          ; Once word has parsed out a string, have find
   953                                                              ; see if that string matches the name of any
   954                                                              ; words already defined in the dictionary.
   955 00000378 [AC00]                          dw xt_dupe          ; Copy the flag returned by find, then jump if
   956 0000037A [FD00]                          dw xt_zero_branch   ; it's a zero, meaning that the string doesn't
   957 0000037C [9403]                          dw intnf            ; match any defined word names.
   958 0000037E [0A00]                          dw xt_state         ; We've got a word match. Are we interpreting or
   959 00000380 [DE00]                          dw xt_fetch         ; do we want to compile it? See if find's flag
   960 00000382 [CE00]                          dw xt_equals        ; matches the current value of state.
   961 00000384 [FD00]                          dw xt_zero_branch   ; If so, we've got an immediate. Jump.
   962 00000386 [8E03]                          dw intexc           ; 
   963 00000388 [6F00]                          dw xt_comma         ; Not immediate. Store the word's CFA in the
   964 0000038A [1101]                          dw xt_branch        ; dictionary then jump to the end of the loop.
   965 0000038C [CE03]                          dw intdone          ; 
   966 0000038E [2101]                  intexc  dw xt_execute       ; We found an immediate word. Execute it then
   967 00000390 [1101]                          dw xt_branch        ; jump to the end of the loop.
   968 00000392 [CE03]                          dw intdone          ; 
   969 00000394 [AC00]                  intnf   dw xt_dupe          ; Okay, it's not a word. Is it a number? Copy
   970                                                              ; the flag, which we've already proved is 0,
   971                                                              ; thereby creating a double-precision value of
   972                                                              ; 0 at the top of the stack. We'll need this
   973                                                              ; shortly when we call >number.
   974 00000396 [9100]                          dw xt_rote          ; Rotate the string's address to the top of
   975                                                              ; the stack. Note that it's still a counted
   976                                                              ; string.
   977 00000398 [4001]                          dw xt_count         ; Use count to split the string's length byte
   978                                                              ; apart from its text.
   979 0000039A [5501]                          dw xt_to_number     ; See if we can convert the text into a number.
   980 0000039C [FD00]                          dw xt_zero_branch   ; If we get a 0 from 0branch, we got a good
   981 0000039E [BA03]                          dw intskip          ; conversion. Jump and continue.
   982 000003A0 [0A00]                          dw xt_state         ; We had a conversion error. Find out whether
   983 000003A2 [DE00]                          dw xt_fetch         ; we're interpreting or compiling.
   984 000003A4 [FD00]                          dw xt_zero_branch   ; If state=0, we're interpreting. Jump
   985 000003A6 [B803]                          dw intnc            ; further down.
   986 000003A8 [3E00]                          dw xt_last          ; We're compiling. Shut the compiler down in an
   987 000003AA [DE00]                          dw xt_fetch         ; orderly manner. Get the LFA of the word we
   988 000003AC [AC00]                          dw xt_dupe          ; were trying to compile. Set aside a copy of it,
   989 000003AE [DE00]                          dw xt_fetch         ; then retrieve from it the LFA of the old "last
   990 000003B0 [3E00]                          dw xt_last          ; word" and resave that as the current last word.
   991 000003B2 [E800]                          dw xt_store         ; 
   992 000003B4 [2800]                          dw xt_dp            ; Now we have to save the LFA of the word we just
   993 000003B6 [E800]                          dw xt_store         ; tried to compile back into the dictionary
   994                                                              ; pointer.
   995 000003B8 [5400]                  intnc   dw xt_abort         ; Whether we were compiling or interpreting,
   996                                                              ; either way we end up here if we had an
   997                                                              ; unsuccessful number conversion. Call abort
   998                                                              ; and reset the system.
   999 000003BA [A100]                  intskip dw xt_drop          ; >number was successful! Drop the address and
  1000 000003BC [A100]                          dw xt_drop          ; the high word of the double-precision numeric
  1001                                                              ; value it returned. We don't need either. What's
  1002                                                              ; left on the stack is the single-precision
  1003                                                              ; number we just converted.
  1004 000003BE [0A00]                          dw xt_state         ; Are we compiling or interpreting?
  1005 000003C0 [DE00]                          dw xt_fetch         ; 
  1006 000003C2 [FD00]                          dw xt_zero_branch   ; If we're interpreting, jump on down.
  1007 000003C4 [CE03]                          dw intdone          ; 
  1008 000003C6 [8400]                          dw xt_lit           ; No, John didn't stutter here. These 4 lines are
  1009 000003C8 [8400]                          dw xt_lit           ; how "['] lit , ," get encoded. We need to store
  1010 000003CA [6F00]                          dw xt_comma         ; lit's own CFA into the word, followed by the
  1011 000003CC [6F00]                          dw xt_comma         ; number we just converted from text input.
  1012 000003CE [1101]                  intdone dw xt_branch        ; Jump back to the beginning of the interpreter
  1013 000003D0 [4E03]                          dw interpt          ; loop and process more input.
  1014                                  
  1015                                  freemem:
  1016                                  
  1017                                  ; That's it! So, there you have it! Only 33 named Forth words...
  1018                                  ;
  1019                                  ;     ,  @   >in  dup   base  word   abort   0branch   interpret
  1020                                  ;     +  !   lit  swap  last  find   create  constant  (;code)
  1021                                  ;     =  ;   tib  drop  emit  state  accept  >number
  1022                                  ;     :  dp  rot  #tib  exit  count  execute
  1023                                  ;
  1024                                  ; ...plus 6 pieces of headerless code and run-time routines...
  1025                                  ;
  1026                                  ;     getchar  outchar  docolon  dovar  doconst  next
  1027                                  ;
  1028                                  ; ...are all that's required to produce a functional Forth interpreter
  1029                                  ; capable of compiling colon definitions, only 978 bytes long! Granted,
  1030                                  ; it's lacking a number of key critical words that make it nigh unto
  1031                                  ; impossible to do anything useful, but this just goes to show just
  1032                                  ; how small a functioning Forth system can be made.
  1033                                  
